,Unnamed: 0,Cod.Car.Sec,Aprobado,Anho.Firma,Primer.Par,Segundo.Par,AOT,Primer.Rec,Segundo.Rec,Nota.Final
0,4455,CIV-PLS13 ,0,0,7,0,0,0,0,
1,4456,MCT-PLS13 ,1,2017,18,15,0,0,0,1F-2
2,4457,CIV-PLS13 ,0,0,13,0,0,0,0,
3,4458,CIV-PLS13 ,0,0,0,0,0,0,0,
4,4459,IND-PLS13 ,0,0,4,8,0,0,0,
5,4460,MCT-PLS13 ,0,2017,17,19,0,0,12,"1F-1,3F-1"
6,4461,ELE-PLS13 ,0,0,10,5,0,8,20,
7,4462,MCT-PLS13 ,0,0,11,7,0,0,18,
8,4463,ELE-PLS13 ,0,0,7,8,0,0,0,
9,4464,ELE-PLS13 ,0,0,3,9,0,0,0,
10,4465,MCT-PLS13 ,0,2017,11,20,0,20,0,
11,4466,ELE-PLS13 ,0,2017,8,21,0,0,0,"1F-1,2F-1,3F-1"
12,4467,CIV-PLS13 ,0,0,9,15,0,11,9,
13,4468,MCT-PLS13 ,0,0,9,6,0,4,0,
14,4469,MCT-PLS13 ,0,2016,16,9,0,17,12,
15,4470,ELE-PLS13 ,0,0,9,13,0,0,10,
16,4471,CIV-PLS13 ,0,0,3,20,0,12,24,
17,4472,ELE-PLS13 ,0,2016,4,22,0,0,19,1F-1
18,4473,ELE-PLS13 ,1,2017,23,25,0,0,0,1F-5
19,4474,ELE-PLS13 ,1,0,7,19,0,0,0,"1F-1,2F-2"
20,4475,ELE-PLS13 ,1,2017,11,27,0,0,0,"1F-1,2F-1,3F-2"
21,4476,ELE-PLS13 ,0,2017,10,19,0,12,0,
22,4477,ELE-PLS13 ,0,2017,8,18,0,14,28,3F-1
23,4478,MCT-PLS13 ,0,0,16,8,0,21,0,
24,4479,ELE-PLS13 ,0,2017,7,21,0,12,16,3F-1
25,4480,MCT-PLS13 ,0,0,4,0,0,0,0,
26,4481,ELE-PLS13 ,1,2017,6,25,0,0,0,"1F-1,2F-2"
27,4482,MCT-PLS13 ,0,2016,2,0,0,0,0,2F-1
28,4483,CIV-PLS13 ,1,2017,15,21,0,0,0,"1F-1,2F-3"
29,4484,MCT-PLS13 ,0,2017,11,14,0,27,36,3F-1
30,4485,IND-PLS13 ,0,0,5,5,0,0,0,
31,4486,ELE-PLS13 ,0,2017,16,21,0,0,0,"1F-1,2F-1,3F-1"
32,4487,MCT-PLS13 ,0,0,6,9,0,12,16,
33,4488,CIV-PLS13 ,0,0,0,0,0,0,0,
34,4489,CIV-PLS13 ,1,2016,10,20,0,0,0,1F-2
35,4490,ELE-PLS13 ,0,0,11,14,0,12,28,
36,4491,ELE-PLS13 ,0,2016,11,15,0,0,0,"2F-1,3F-1"
37,4492,IND-PLS13 ,0,0,7,17,0,19,10,
38,4493,CIV-PLS13 ,0,2017,13,25,0,10,0,
39,4494,ELE-PLS13 ,0,0,8,11,0,0,0,
40,4495,ELE-PLS13 ,0,0,9,13,0,14,22,
41,4496,ELE-PLS13 ,1,2017,15,17,0,0,0,"2F-1,3F-2"
42,4497,CIV-PLS13 ,0,0,1,10,0,0,0,
43,4498,MCT-PLS13 ,0,0,13,5,0,0,14,
44,4499,CIV-PLS13 ,0,0,11,12,0,5,8,
45,4500,IND-PLS13 ,1,2016,17,23,0,0,0,1F-2
46,4501,ELE-PLS13 ,0,2017,11,20,0,0,0,
47,4502,CIV-PLS13 ,0,0,9,6,0,0,0,
48,4503,IND-PLS13 ,0,2017,13,22,0,0,0,"2F-1,3F-1"
49,4504,MCT-PLS13 ,0,0,9,17,0,10,24,
50,4505,ELE-PLS13 ,0,0,10,5,0,24,10,
51,4506,CIV-PLS13 ,0,0,10,13,0,0,14,
52,4507,IND-PLS13 ,1,2016,11,24,0,0,0,1F-3
53,4508,CIV-PLS13 ,0,0,13,7,0,20,15,
54,4509,ELE-PLS13 ,0,0,2,0,0,0,0,
55,4510,MCT-PLS13 ,0,0,7,8,0,0,4,
56,4511,IND-PLS13 ,1,2017,13,8,0,37,0,"2F-1,3F-2"
57,4512,CIV-PLS13 ,1,2017,9,28,0,0,0,1F-2
58,4513,MCT-PLS13 ,0,0,7,3,0,0,0,
59,4514,ELE-PLS13 ,0,0,4,13,0,10,13,
60,4515,CIV-PLS13 ,0,0,8,0,0,0,0,
61,4516,MEC-PLS13 ,0,2016,11,0,0,0,14,"1F-1,3F-1"
62,4517,ELE-PLS13 ,1,2017,6,23,0,22,0,"2F-1,3F-3"
63,4518,CIV-PLS13 ,0,0,5,0,0,0,0,
64,4519,ELE-PLS13 ,0,0,0,0,0,0,0,
65,4520,ELE-PLS13 ,1,2016,8,0,0,0,0,"1F-1,2F-2"
66,4521,ELE-PLS13 ,0,0,2,0,0,0,0,
67,4522,CIV-PLS13 ,1,2017,12,31,0,0,0,1F-3
68,4523,CIV-PLS13 ,0,0,8,11,0,19,24,
69,4524,MEC-PLS13 ,1,2016,0,0,0,22,0,2F-2
70,4525,IND-PLS13 ,1,2016,16,19,0,0,0,"1F-1,2F-2"
71,4526,CIV-PLS13 ,1,2017,12,21,0,0,0,1F-2
72,4527,MEC-PLS13 ,0,0,4,3,0,0,0,
73,4528,ELE-PLS13 ,0,0,0,7,0,0,0,
74,4529,IND-PLS13 ,1,2016,14,13,0,16,0,2F-3
75,4530,CIV-PLS13 ,1,2017,13,19,0,0,0,"1F-1,2F-2"
76,4531,CIV-PLS13 ,0,0,0,0,0,0,0,
77,4532,CIV-PLS13 ,0,0,10,14,0,16,2,
78,4533,CIV-PLS13 ,1,2017,19,18,0,0,0,1F-2
79,4534,CIV-PLS13 ,0,0,13,10,0,23,26,
80,4535,CIV-PLS13 ,1,2016,10,20,0,0,0,1F-2
81,4536,CIV-PLS13 ,0,0,10,13,0,15,15,
82,4537,CIV-PLS13 ,0,0,16,7,0,17,20,
83,4538,MCT-PLS13 ,0,2017,10,26,0,0,0,
84,4539,IND-PLS13 ,0,0,6,2,0,0,0,
85,4540,IND-PLS13 ,0,2017,14,9,0,0,32,3F-1
86,4541,CIV-PLS13 ,0,2017,13,21,0,0,0,"1F-1,3F-1"
87,4542,CIV-PLS13 ,0,0,0,12,0,0,0,
88,4543,CIV-PLS13 ,0,0,6,9,0,8,12,
89,4544,ELE-PLS13 ,1,2017,14,24,0,0,0,1F-3
90,4545,ELE-PLS13 ,0,2017,11,10,0,27,30,3F-1
91,4546,MCT-PLS13 ,1,2016,0,0,0,0,0,"1F-1,2F-2"
92,4547,CIV-PLS13 ,0,0,8,12,0,6,18,
93,4548,MCT-PLS13 ,1,2016,15,27,0,0,0,1F-3
94,4549,ELE-PLS13 ,0,0,0,0,0,0,0,
95,4550,MCT-PLS13 ,0,0,5,3,0,0,0,
96,4551,CIV-PLS13 ,0,0,0,0,0,0,0,
97,4552,CIV-PLS13 ,0,0,7,12,0,17,16,
98,4553,ELE-PLS13 ,0,2016,10,13,0,9,10,
99,4554,ELE-PLS13 ,0,0,12,11,0,14,20,
100,4555,MEC-PLS13 ,1,2017,18,20,0,0,0,1F-2
101,4556,IND-PLS13 ,0,0,11,12,0,24,20,
102,4557,MCT-PLS13 ,0,0,6,12,0,0,0,
103,4558,MCT-PLS13 ,0,0,4,2,0,0,0,
104,4559,MCT-PLS13 ,0,0,3,7,0,0,0,
105,4560,MCT-PLS13 ,0,0,0,15,0,0,0,
106,4561,CIV-PLS13 ,0,0,11,11,0,18,12,
107,4562,CIV-PLS13 ,0,0,14,0,0,0,0,
108,4563,CIV-PLS13 ,0,0,0,0,0,0,0,
109,4564,ELE-PLS13 ,1,2017,9,22,0,0,0,1F-2
110,4565,MCT-PLS13 ,0,0,13,6,0,0,0,
111,4566,MCT-PLS13 ,1,2017,16,30,0,0,0,1F-4
112,4567,IND-PLS13 ,0,0,7,0,0,0,0,
113,4568,CIV-PLS13 ,0,2017,14,15,0,11,0,
114,4569,CIV-PLS13 ,1,2016,4,27,0,22,0,2F-3
115,4570,CIV-PLS13 ,0,0,10,8,0,28,24,
116,4571,CIV-PLS13 ,1,2016,15,25,0,0,0,2F-4
117,4572,CIV-PLS13 ,0,0,5,14,0,11,0,
118,4573,CIV-PLS13 ,0,0,6,6,0,0,0,
119,4574,CIV-PLS13 ,1,2017,19,19,0,0,0,1F-3
120,4575,CIV-PLS13 ,1,2017,10,16,0,28,46,3F-3
121,4576,ELE-PLS13 ,1,2017,19,26,0,0,0,1F-5
122,4577,IND-PLS13 ,0,0,11,4,0,0,12,
123,4578,IND-PLS13 ,1,2017,16,18,0,0,0,1F-2
124,4579,ELE-PLS13 ,0,0,13,12,0,8,14,
125,4580,MCT-PLS13 ,0,0,7,9,0,15,20,
126,4581,MCT-PLS13 ,0,0,10,2,0,0,0,
127,4582,MCT-PLS13 ,0,2017,11,9,0,12,30,3F-1
128,4583,CIV-PLS13 ,1,2017,12,27,0,0,0,1F-2
129,4584,CIV-PLS13 ,0,0,0,23,0,10,21,
130,4585,CIV-PLS13 ,1,2017,19,31,0,0,0,1F-5
131,4586,ELE-PLS13 ,0,0,3,14,0,13,18,
132,4587,MEC-PLS13 ,1,2017,9,17,0,8,32,3F-2
133,4588,CIV-PLS13 ,0,0,6,12,0,18,14,
134,4589,MCT-PLS13 ,0,0,0,0,0,0,0,
135,4590,CIV-PLS13 ,0,2016,6,0,0,0,0,
136,4591,CIV-PLS13 ,0,0,6,9,0,7,2,
137,4592,ELE-PLS13 ,0,0,4,15,0,8,20,
138,4593,CIV-PLS13 ,0,0,0,0,0,0,0,
139,4594,MCT-PLS13 ,0,0,14,12,0,22,22,
140,4595,CIV-PLS13 ,0,0,3,5,0,0,0,
141,4596,ELE-PLS13 ,0,0,7,19,0,17,10,
142,4597,ELE-PLS13 ,1,2017,8,22,0,0,0,"1F-1,2F-2"
143,4598,ELE-PLS13 ,0,0,10,3,0,0,0,
144,4599,IND-PLS13 ,0,2017,14,9,0,18,32,3F-1
145,4600,MEC-PLS13 ,0,0,2,5,0,0,0,
146,4601,ELE-PLS13 ,0,0,5,0,0,0,0,
147,4602,CIV-PLS13 ,0,0,14,9,0,12,22,
148,4603,ELE-PLS13 ,1,2017,21,17,0,0,0,"1F-1,2F-2"
149,4604,CIV-PLS13 ,1,2017,13,19,0,14,0,"2F-1,3F-2"
150,4605,MCT-PLS13 ,1,2017,15,28,0,0,0,1F-4
151,4606,CIV-PLS13 ,1,2017,16,20,0,22,45,3F-2
152,4607,IND-PLS13 ,1,2017,17,17,0,25,0,2F-2
153,4608,CIV-PLS13 ,1,2017,18,17,0,0,0,2F-2
154,4609,MEC-PLS13 ,0,2017,10,12,0,10,31,3F-1
155,4610,MEC-PLS13 ,0,0,14,11,0,14,12,
156,4611,ELE-PLS13 ,0,2016,10,0,0,22,0,2F-1
157,4612,MEC-PLS13 ,0,0,3,2,0,0,0,
158,4613,CIV-PLS13 ,1,2017,6,25,0,30,0,2F-3
159,4614,CIV-PLS13 ,1,2017,10,18,0,40,0,2F-4
160,4615,CIV-PLS13 ,1,2017,13,24,0,0,0,1F-3
161,4616,ELE-PLS13 ,0,0,0,0,0,0,0,
162,4617,CIV-PLS13 ,0,0,3,16,0,14,23,
163,4618,MCT-PLS13 ,1,2017,10,15,0,32,0,2F-2
164,4619,ELE-PLS13 ,1,2017,14,22,0,0,0,1F-2
165,4620,ELE-PLS13 ,1,2016,6,14,0,0,0,"1F-1,2F-2"
166,4621,ELE-PLS13 ,0,0,13,0,0,0,0,
167,4622,CIV-PLS13 ,0,0,5,2,0,0,0,
168,4623,IND-PLS13 ,0,0,3,12,0,14,0,
169,4624,MCT-PLS13 ,0,0,10,7,0,0,0,
170,4625,CIV-PLS13 ,1,2017,17,25,0,0,0,1F-3
171,4626,CIV-PLS13 ,0,2017,15,25,0,0,0,"1F-1,3F-1"
172,4627,MCT-PLS13 ,1,2017,20,26,0,0,0,1F-3
173,4628,ELE-PLS13 ,1,2017,11,14,0,38,0,2F-3
174,4629,CIV-PLS13 ,0,2016,8,23,0,22,31,3F-1
175,4630,MCT-PLS13 ,0,2017,17,12,0,16,20,3F-1
176,4631,IND-PLS13 ,1,2017,20,24,0,0,0,1F-3
177,4632,CIV-PLS13 ,1,2017,14,25,0,0,0,1F-2
178,4633,MEC-PLS13 ,0,0,18,5,0,18,24,
179,4634,ELE-PLS13 ,0,2017,8,17,0,18,40,3F-1
180,4635,ELE-PLS13 ,1,2017,17,25,0,0,0,1F-4
181,4636,CIV-PLS13 ,0,2017,12,8,0,10,32,3F-1
182,4637,ELE-PLS13 ,1,2017,19,16,0,0,0,1F-3
183,4638,MCT-PLS13 ,0,2017,19,16,0,0,0,
184,4639,MCT-PLS13 ,1,2017,17,25,0,0,0,1F-5
185,4640,CIV-PLS13 ,0,2017,4,13,0,10,30,3F-1
186,4641,MCT-PLS13 ,1,2017,17,19,0,0,0,1F-2
187,4642,CIV-PLS13 ,0,0,5,11,0,3,12,
188,4643,CIV-PLS13 ,0,0,9,1,0,0,0,
189,4644,MCT-PLS13 ,0,2017,8,17,0,18,34,3F-1
190,4645,CIV-PLS13 ,1,2017,8,27,0,0,0,1F-2
191,4646,IND-PLS13 ,0,0,4,11,0,22,8,
192,4647,CIV-PLS13 ,0,0,7,11,0,5,8,
193,4648,ELE-PLS13 ,0,0,6,7,0,0,0,
194,4649,CIV-PLS13 ,1,2017,19,32,0,0,0,2F-5
195,4650,CIV-PLS13 ,0,2016,5,24,0,0,0,1F-1
196,4651,ELE-PLS13 ,0,0,5,17,0,22,10,
197,4652,CIV-PLS13 ,0,0,0,0,0,0,0,
198,4653,CIV-PLS13 ,0,0,1,0,0,0,0,
199,4654,MEC-PLS13 ,1,2017,13,21,0,0,0,1F-2
200,4655,CIV-PLS13 ,0,0,3,10,0,0,0,
201,4656,ELE-PLS13 ,0,2017,11,19,0,0,0,"1F-1,2F-1,3F-1"
202,4657,IND-PLS13 ,0,0,7,5,0,0,0,
203,4658,CIV-PLS13 ,0,0,7,0,0,0,0,
204,4659,CIV-PLS13 ,1,2017,16,15,0,0,0,"1F-1,2F-1,3F-2"
205,4660,CIV-PLS13 ,0,0,9,3,0,0,0,
206,4661,MCT-PLS13 ,0,2016,10,8,0,0,12,"1F-1,3F-1"
207,4662,IND-PLS13 ,0,0,0,0,0,0,0,
208,4663,CIV-PLS13 ,0,0,5,15,0,0,12,
209,4664,ELE-PLS13 ,0,0,0,10,0,0,0,
210,4665,MCT-PLS13 ,1,2016,6,0,0,0,0,"1F-1,2F-2"
211,4666,CIV-PLS13 ,0,0,3,16,0,16,10,
212,4667,MCT-PLS13 ,0,2017,19,10,0,20,33,3F-1
213,4668,CIV-PLS13 ,0,0,0,8,0,0,0,
214,4669,ELE-PLS13 ,0,0,10,16,0,23,26,
215,4670,MCT-PLS13 ,0,0,5,16,0,6,26,
216,4671,CIV-PLS13 ,0,0,13,6,0,20,22,
217,4672,CIV-PLS13 ,0,0,12,3,0,12,14,
218,4673,MCT-PLS13 ,0,0,5,10,0,0,4,
219,4674,CIV-PLS13 ,0,0,16,10,0,26,16,
220,4675,CIV-PLS13 ,1,2016,16,30,0,0,0,1F-4
221,4676,MCT-PLS13 ,1,2017,22,23,0,0,0,1F-4
222,4677,ELE-PLS13 ,1,2017,14,7,0,18,31,3F-2
223,4678,CIV-PLS13 ,0,0,6,0,0,0,0,
224,4679,MEC-PLS13 ,0,0,12,8,0,0,8,
225,4680,MCT-PLS13 ,1,2017,18,14,0,0,0,"1F-1,2F-2"
226,4681,MEC-PLS13 ,0,0,8,14,0,8,14,
227,4682,CIV-PLS13 ,0,2017,16,20,0,0,0,"1F-1,2F-1,3F-1"
228,4683,IND-PLS13 ,0,2017,14,10,0,22,38,3F-1
229,4684,MEC-PLS13 ,0,0,8,16,0,5,8,
230,4685,ELE-PLS13 ,1,2017,14,25,0,0,0,1F-2
231,4686,MCT-PLS13 ,0,0,0,0,0,0,0,
232,4687,MCT-PLS13 ,0,0,11,7,0,10,0,
233,4688,ELE-PLS13 ,0,0,6,6,0,0,0,
234,4689,IND-PLS13 ,0,0,13,14,0,16,0,
235,4690,CIV-PLS13 ,0,0,4,12,0,23,21,
236,4691,CIV-PLS13 ,0,0,4,12,0,9,18,
237,4692,ELE-PLS13 ,0,0,7,8,0,12,0,
238,4693,IND-PLS13 ,0,0,1,12,0,0,0,
239,4694,CIV-PLS13 ,0,0,7,12,0,8,20,
240,4695,IND-PLS13 ,1,2017,13,17,0,0,0,1F-3
241,4696,IND-PLS13 ,1,2017,14,24,0,0,0,1F-2
242,4697,MCT-PLS13 ,0,2016,0,0,0,0,8,3F-1
243,4698,MCT-PLS13 ,0,0,10,17,0,0,16,
244,4699,IND-PLS13 ,0,0,0,0,0,0,0,
245,4700,ELE-PLS13 ,0,0,8,2,0,0,0,
246,4701,IND-PLS13 ,0,2017,13,21,0,0,0,"1F-1,2F-1,3F-1"
247,4702,MCT-PLS13 ,1,2016,16,26,0,0,0,1F-3
248,4703,IND-PLS13 ,0,0,0,0,0,0,0,
249,4704,IND-PLS13 ,1,2017,16,21,0,0,0,1F-2
250,4705,MCT-PLS13 ,0,0,7,14,0,22,24,
251,4706,CIV-PLS13 ,0,2016,9,15,0,15,28,3F-1
252,4707,CIV-PLS13 ,1,2017,15,24,0,0,0,1F-3
253,4708,CIV-PLS13 ,1,2017,15,29,0,0,0,1F-5
254,4709,IND-PLS13 ,0,0,11,11,0,6,10,
255,4710,MCT-PLS13 ,0,0,8,10,0,6,24,
256,4711,IND-PLS13 ,0,0,9,2,0,0,0,
257,4712,CIV-PLS13 ,0,0,0,0,0,0,0,
258,4713,CIV-PLS13 ,0,0,4,11,0,26,22,
259,4714,ELE-PLS13 ,1,2017,17,22,0,0,0,1F-4
260,4715,MCT-PLS13 ,0,0,10,0,0,0,0,
261,4716,MCT-PLS13 ,0,0,0,0,0,0,0,
262,4717,MCT-PLS13 ,1,2017,16,19,0,16,0,2F-4
263,4718,IND-PLS13 ,0,0,5,20,0,19,28,
264,4719,CIV-PLS13 ,0,0,5,6,0,0,0,
265,4720,CIV-PLS13 ,0,0,5,13,0,30,24,
266,4721,MEC-PLS13 ,0,2017,11,17,0,0,0,
267,4722,CIV-PLS13 ,0,0,6,10,0,14,12,
268,4723,ELE-PLS13 ,0,0,4,13,0,12,14,
269,4724,CIV-PLS13 ,0,2017,10,20,0,0,26,"1F-1,3F-1"
270,4725,ELE-PLS13 ,0,0,4,0,0,0,0,
271,4726,CIV-PLS13 ,0,2017,15,5,0,12,27,3F-1
272,4727,MCT-PLS13 ,0,0,5,10,0,12,16,
273,4728,CIV-PLS13 ,0,0,6,4,0,0,0,
274,4729,CIV-PLS13 ,0,0,10,17,0,20,12,
275,4730,ELE-PLS13 ,0,0,8,19,0,27,26,
276,4731,IND-PLS13 ,1,2017,16,19,0,30,0,2F-3
277,4732,ELE-PLS13 ,0,2017,14,14,0,31,0,"2F-1,3F-1"
278,4733,ELE-PLS13 ,0,0,9,7,0,16,8,
279,4734,CIV-PLS13 ,1,2017,15,17,0,14,0,2F-2
280,4735,ELE-PLS13 ,0,0,11,9,0,20,26,
281,4736,ELE-PLS13 ,0,0,5,13,0,19,10,
282,4737,IND-PLS13 ,1,2017,7,14,0,30,29,3F-2
283,4738,ELE-PLS13 ,0,2017,13,7,0,20,32,3F-1
284,4739,ELE-PLS13 ,0,0,0,11,0,0,0,
285,4740,ELE-PLS13 ,0,0,7,0,0,0,0,
286,4741,MCT-PLS13 ,0,0,6,0,0,0,0,
287,4742,IND-PLS13 ,0,0,3,5,0,0,0,
288,4743,CIV-PLS13 ,0,0,9,11,0,24,21,
289,4744,IND-PLS13 ,1,2017,15,23,0,0,0,1F-3
290,4745,IND-PLS13 ,0,0,3,14,0,15,10,
291,4746,CIV-PLS13 ,1,2017,13,30,0,0,0,1F-4
292,4747,ELE-PLS13 ,0,0,5,3,0,0,0,
293,4748,CIV-PLS13 ,0,0,7,11,0,10,0,
294,4749,MCT-PLS13 ,0,0,9,3,0,0,0,
295,4750,CIV-PLS13 ,1,2017,19,11,0,0,0,"1F-1,2F-2"
296,4751,ELE-PLS13 ,1,2017,13,23,0,24,50,3F-4
297,4752,IND-PLS13 ,0,0,2,0,0,0,0,
298,4753,CIV-PLS13 ,0,0,8,18,0,19,20,
299,4754,CIV-PLS13 ,0,0,10,9,0,14,16,
300,4755,MCT-PLS13 ,1,2017,12,21,0,0,0,"1F-1,2F-1,3F-3"
301,4756,IND-PLS13 ,0,2017,7,21,0,30,22,3F-1
302,4757,CIV-PLS13 ,1,2017,12,21,0,0,0,1F-2
303,4758,CIV-PLS13 ,1,2017,10,25,0,0,0,1F-3
304,4759,CIV-PLS13 ,0,0,4,12,0,12,4,
305,4760,ELE-PLS13 ,1,2017,16,23,0,0,0,"1F-1,2F-2"
306,4761,ELE-PLS13 ,0,0,3,0,0,0,0,
307,4762,ELE-PLS13 ,0,0,10,10,0,20,6,
308,4763,ELE-PLS13 ,0,0,8,2,0,0,0,
309,4764,CIV-PLS13 ,1,2017,16,14,0,20,38,3F-3
310,4765,CIV-PLS13 ,0,2017,5,24,0,0,0,"1F-1,2F-1"
311,4766,ELE-PLS13 ,0,2017,12,22,0,33,34,3F-1
312,4767,CIV-PLS13 ,0,0,3,7,0,0,0,
313,4768,CIV-PLS13 ,0,2017,12,18,0,23,20,3F-1
314,4769,ELE-PLS13 ,1,2017,9,18,0,30,0,2F-2
315,4770,CIV-PLS13 ,1,2017,14,21,0,46,0,2F-4
316,4771,CIV-PLS13 ,0,0,0,0,0,0,0,
317,4772,ELE-PLS13 ,1,2016,14,11,0,0,0,"1F-1,2F-3"
318,4773,CIV-PLS13 ,0,0,1,3,0,0,0,
319,4774,CIV-PLS13 ,0,0,14,10,0,21,20,
320,4775,ELE-PLS13 ,0,0,12,14,0,0,2,
321,4776,CIV-PLS13 ,0,0,7,15,0,29,26,
322,4777,IND-PLS13 ,0,0,5,16,0,4,10,
323,4778,CIV-PLS13 ,0,0,13,12,0,10,12,
324,4779,CIV-PLS13 ,1,2017,9,21,0,20,20,3F-2
325,4780,CIV-PLS13 ,1,2017,7,16,0,8,30,3F-2
326,4781,MCT-PLS13 ,0,0,7,8,0,15,24,
327,4782,CIV-PLS13 ,1,2017,13,18,0,0,0,"1F-1,2F-2"
328,4783,CIV-PLS13 ,1,2017,14,11,0,28,0,2F-3
329,4784,ELE-PLS13 ,0,2017,10,16,0,16,29,
330,4785,CIV-PLS13 ,1,2017,15,16,0,0,0,"1F-1,2F-3"
331,4786,ELE-PLS13 ,0,2016,8,0,0,0,0,
332,4787,CIV-PLS13 ,1,2017,17,14,0,26,42,3F-3
333,4788,IND-PLS13 ,0,0,6,13,0,10,16,
334,4789,IND-PLS13 ,1,2017,11,21,0,0,0,"1F-1,2F-2"
335,4790,ELE-PLS13 ,0,0,3,12,0,22,14,
336,4791,CIV-PLS13 ,0,2017,9,10,0,25,32,3F-1
337,4792,ELE-PLS13 ,0,2017,15,10,0,21,30,3F-1
338,4793,ELE-PLS13 ,1,2017,8,21,0,27,34,3F-2
339,4794,ELE-PLS13 ,0,0,4,6,0,0,0,
340,4795,ELE-PLS13 ,0,0,0,0,0,0,0,
341,4796,ELE-PLS13 ,1,2017,12,17,0,29,0,2F-2
342,4797,ELE-PLS13 ,0,0,11,13,0,0,0,
343,4798,CIV-PLS13 ,0,2017,5,17,0,25,40,3F-1
344,4799,CIV-PLS13 ,0,0,0,8,0,0,0,
345,4800,MCT-PLS13 ,1,2017,14,8,0,33,0,2F-3
346,4801,IND-PLS13 ,0,0,10,10,0,4,0,
347,4802,ELE-PLS13 ,0,0,7,9,0,28,27,
348,4803,CIV-PLS13 ,0,2017,12,23,0,0,0,"1F-1,2F-1,3F-1"
349,4804,ELE-PLS13 ,0,0,0,0,0,0,0,
350,4805,CIV-PLS13 ,0,0,0,0,0,0,0,
351,4806,ELE-PLS13 ,0,0,5,11,0,16,28,
352,4807,CIV-PLS13 ,0,0,5,0,0,0,0,
353,4808,CIV-PLS13 ,0,0,14,14,0,26,26,
354,4809,CIV-PLS13 ,0,2017,12,3,0,12,28,3F-1
355,4810,CIV-PLS13 ,1,2017,11,15,0,29,0,2F-2
356,4811,MCT-PLS13 ,1,2017,14,13,0,33,0,2F-2
357,4812,IND-PLS13 ,0,0,6,7,0,0,0,
358,4813,CIV-PLS13 ,0,0,8,7,0,20,25,
359,4814,ELE-PLS13 ,0,0,6,9,0,26,24,
360,4815,CIV-PLS13 ,0,0,0,0,0,0,0,
361,4816,MCT-PLS13 ,0,0,10,10,0,12,18,
362,4817,MCT-PLS13 ,1,2017,12,17,0,0,0,1F-2
363,4818,CIV-PLS13 ,0,2017,11,4,0,20,34,3F-1
364,4819,CIV-PLS13 ,0,0,10,9,0,8,20,
365,4820,MCT-PLS13 ,1,2017,19,17,0,0,0,"1F-1,2F-1,3F-3"
366,4821,IND-PLS13 ,0,0,4,16,0,23,6,
367,4822,IND-PLS13 ,0,0,1,15,0,0,2,
368,4823,ELE-PLS13 ,0,2017,8,18,0,26,30,3F-1
369,4824,IND-PLS13 ,0,0,5,11,0,18,14,
370,4825,CIV-PLS13 ,0,0,4,0,0,0,0,
371,4826,MCT-PLS13 ,0,0,9,0,0,0,0,
372,4827,IND-PLS13 ,0,0,6,9,0,4,10,
373,4828,CIV-PLS13 ,0,0,9,10,0,18,20,
374,4829,CIV-PLS13 ,0,0,5,7,0,0,0,
375,4830,IND-PLS13 ,0,0,6,2,0,0,0,
376,4831,ELE-PLS13 ,0,0,13,11,0,28,26,
377,4832,CIV-PLS13 ,1,2017,17,22,0,0,0,1F-3
378,4833,CIV-PLS13 ,0,0,8,9,0,16,4,
379,4834,CIV-PLS13 ,1,2017,21,31,0,0,0,1F-5
380,4835,MCT-PLS13 ,1,2017,8,19,0,30,0,2F-2
381,4836,IND-PLS13 ,0,0,10,18,0,20,14,
382,4837,CIV-PLS13 ,0,0,0,0,0,0,0,
383,4838,CIV-PLS13 ,0,0,4,0,0,0,0,
384,4839,CIV-PLS13 ,0,0,11,16,0,25,22,
385,4840,CIV-PLS13 ,0,2017,9,12,0,14,32,3F-1
386,4841,MEC-PLS13 ,1,2017,11,18,0,16,26,3F-2
387,4842,MEC-PLS13 ,0,0,8,7,0,20,12,
388,4843,MCT-PLS13 ,0,0,4,11,0,15,6,
389,4844,ELE-PLS13 ,0,0,7,15,0,17,16,
390,4845,IND-PLS13 ,0,2016,0,0,0,0,0,3F-1
391,4846,MCT-PLS13 ,1,2017,16,11,0,31,0,2F-2
392,4847,ELE-PLS13 ,0,0,3,15,0,22,20,
393,4848,CIV-PLS13 ,0,0,4,21,0,25,24,
394,4849,ELE-PLS13 ,1,2017,17,21,0,0,0,"1F-1,2F-2"
395,4850,CIV-PLS13 ,0,0,7,19,0,12,16,
396,4851,MCT-PLS13 ,0,0,5,12,0,6,20,
397,4852,IND-PLS13 ,0,0,12,16,0,16,20,
398,4853,CIV-PLS13 ,0,0,5,15,0,20,0,
399,4854,CIV-PLS13 ,0,0,4,11,0,12,10,
400,4855,MCT-PLS13 ,0,0,9,2,0,0,0,
401,4856,CIV-PLS13 ,0,2017,12,21,0,29,0,"2F-1,3F-1"
402,4857,IND-PLS13 ,0,0,12,8,0,0,10,
403,4858,MCT-PLS13 ,0,0,13,11,0,27,18,
404,4859,ELE-PLS13 ,1,2017,11,22,0,0,0,1F-2
405,4860,CIV-PLS13 ,1,2017,14,20,0,0,0,1F-2
406,4861,CIV-PLS13 ,0,0,2,0,0,0,0,
407,4862,ELE-PLS13 ,0,0,5,14,0,6,15,
408,4863,MEC-PLS13 ,0,0,1,1,0,0,0,
409,4864,ELE-PLS13 ,1,2017,14,3,0,12,30,3F-2
410,4865,ELE-PLS13 ,0,0,11,13,0,10,18,
411,4866,ELE-PLS13 ,0,0,5,7,0,0,0,
412,4867,CIV-PLS13 ,0,0,1,11,0,0,0,
413,4868,ELE-PLS13 ,0,2016,13,18,0,17,20,3F-1
414,4869,ELE-PLS13 ,0,0,2,10,0,0,0,
415,4870,ELE-PLS13 ,0,0,12,6,0,0,10,
416,4871,CIV-PLS13 ,0,0,5,7,0,0,0,
417,4872,IND-PLS13 ,1,2017,9,17,0,26,48,3F-4
418,4873,ELE-PLS13 ,0,0,17,8,0,12,18,
419,4874,CIV-PLS13 ,1,2016,7,11,0,0,0,"1F-1,2F-2"
420,4875,MCT-PLS13 ,0,0,5,0,0,0,0,
421,4876,CIV-PLS13 ,0,0,7,11,0,0,0,
422,4877,CIV-PLS13 ,0,0,15,12,0,20,10,
423,4878,MCT-PLS13 ,0,0,4,8,0,0,0,
424,4879,ELE-PLS13 ,0,0,0,20,0,27,12,
425,4880,MEC-PLS13 ,0,0,15,2,0,11,10,
426,4881,CIV-PLS13 ,1,2017,17,15,0,28,0,2F-3
427,4882,CIV-PLS13 ,0,0,3,5,0,0,0,
428,4883,CIV-PLS13 ,1,2016,12,23,0,24,0,2F-3
429,4884,ELE-PLS13 ,0,0,0,0,0,0,0,
430,4885,IND-PLS13 ,0,0,1,1,0,0,0,
431,4886,IND-PLS13 ,1,2017,18,27,0,0,0,1F-3
432,4887,MCT-PLS13 ,1,2017,21,22,0,0,0,1F-3
433,4888,CIV-PLS13 ,1,2017,11,23,0,0,0,1F-2
434,4889,CIV-PLS13 ,0,0,11,1,0,0,0,
435,4890,CIV-PLS13 ,0,2016,0,0,0,0,0,
436,4891,ELE-PLS13 ,0,0,10,10,0,14,11,
437,4892,CIV-PLS13 ,1,2017,9,16,0,21,34,3F-2
438,4893,CIV-PLS13 ,0,2017,13,19,0,24,0,"2F-1,3F-1"
439,4894,IND-PLS13 ,0,2017,15,19,0,18,24,3F-1
440,4895,CIV-PLS13 ,1,2017,11,20,0,0,0,"1F-1,2F-2"
441,4896,ELE-PLS13 ,1,2017,11,17,0,16,42,3F-2
442,4897,ELE-PLS13 ,1,2017,18,25,0,0,0,1F-4
443,4898,CIV-PLS13 ,1,2016,10,25,0,22,0,2F-3
444,4899,CIV-PLS13 ,0,0,3,0,0,0,0,
445,4900,ELE-PLS13 ,0,2017,10,9,0,27,18,3F-1
446,4901,CIV-PLS13 ,0,0,2,11,0,0,0,
447,4902,ELE-PLS13 ,0,0,0,0,0,0,0,
448,4903,ELE-PLS13 ,0,2017,9,21,0,0,0,"1F-1,2F-1,3F-1"
449,4904,ELE-PLS13 ,0,2017,8,20,0,14,0,2F-1
450,4905,MCT-PLS13 ,0,0,14,3,0,4,10,
451,4906,ELE-PLS13 ,0,2017,9,8,0,16,30,
452,4907,CIV-PLS13 ,1,2017,18,19,0,0,0,1F-3
453,4908,IND-PLS13 ,0,0,3,14,0,21,19,
454,4909,CIV-PLS13 ,1,2017,17,20,0,0,0,1F-3
455,4910,ELE-PLS13 ,0,0,6,7,0,0,0,
456,4911,ELE-PLS13 ,0,0,12,0,0,0,0,
457,4912,IND-PLS13 ,0,0,4,0,0,0,0,
458,4913,MCT-PLS13 ,0,0,11,8,0,16,8,
459,4914,ELE-PLS13 ,0,2017,6,14,0,12,31,3F-1
460,4915,MCT-PLS13 ,1,2017,15,7,0,12,34,3F-3
461,4916,IND-PLS13 ,0,0,9,8,0,20,22,
462,4917,CIV-PLS13 ,0,2016,13,18,0,0,0,"1F-1,2F-1,3F-1"
463,4918,ELE-PLS13 ,0,0,3,7,0,0,0,
464,4919,IND-PLS13 ,1,2017,18,14,0,0,0,2F-2
465,4920,MCT-PLS13 ,0,0,5,11,0,14,22,
466,4921,ELE-PLS13 ,0,0,6,17,0,24,16,
467,4922,ELE-PLS13 ,0,0,4,11,0,17,8,
468,4923,CIV-PLS13 ,0,0,5,4,0,0,0,
469,4924,ELE-PLS13 ,0,0,3,12,0,12,18,
470,4925,IND-PLS13 ,0,0,7,0,0,0,0,
471,4926,CIV-PLS13 ,0,0,0,0,0,0,0,
472,4927,MCT-PLS13 ,1,2017,18,18,0,0,0,1F-2
473,4928,CIV-PLS13 ,0,0,11,9,0,6,8,
474,4929,IND-PLS13 ,0,2017,5,21,0,29,0,"2F-1,3F-1"
475,4930,CIV-PLS13 ,0,2017,17,12,0,0,4,3F-1
476,4931,CIV-PLS13 ,1,2017,13,24,0,38,0,2F-5
477,4932,CIV-PLS13 ,0,0,6,14,0,0,4,
478,4933,ELE-PLS13 ,0,2017,13,17,0,20,34,3F-1
479,4934,CIV-PLS13 ,0,0,13,6,0,0,0,
480,4935,MCT-PLS13 ,0,0,6,0,0,0,0,
481,4936,CIV-PLS13 ,1,2017,12,13,0,10,28,3F-2
482,4937,CIV-PLS13 ,0,0,11,11,0,20,22,
483,4938,CIV-PLS13 ,0,0,2,2,0,0,0,
484,4939,ELE-PLS13 ,0,0,4,0,0,0,0,
485,4940,MEC-PLS13 ,0,0,15,13,0,0,0,
486,4941,CIV-PLS13 ,0,0,5,11,0,8,4,
487,4942,ELE-PLS13 ,1,2017,16,13,0,21,6,3F-2
488,4943,CIV-PLS13 ,1,2017,18,21,0,0,0,1F-3
489,4944,ELE-PLS13 ,1,2017,13,18,0,0,0,"1F-1,2F-2"
490,4945,ELE-PLS13 ,0,0,0,7,0,0,0,
491,4946,CIV-PLS13 ,0,2017,7,8,0,30,0,"2F-1,3F-1"
492,4947,ELE-PLS13 ,1,2017,2,18,0,29,0,2F-2
493,4948,ELE-PLS13 ,1,2017,16,24,0,0,0,1F-2
494,4949,CIV-PLS13 ,0,0,8,8,0,9,6,
495,4950,CIV-PLS13 ,1,2016,17,23,0,30,28,3F-2
496,4951,CIV-PLS13 ,0,0,0,0,0,0,0,
497,4952,ELE-PLS13 ,0,0,11,18,0,0,10,
498,4953,CIV-PLS13 ,0,0,5,13,0,0,12,
499,4954,CIV-PLS13 ,1,2017,8,22,0,0,0,1F-2
500,4955,CIV-PLS13 ,1,2017,13,20,0,0,0,"1F-1,2F-2"
501,4956,MCT-PLS13 ,0,0,8,15,0,9,26,
502,4957,ELE-PLS13 ,1,2017,21,14,0,28,42,3F-4
503,4958,ELE-PLS13 ,0,0,0,0,0,0,0,
504,4959,MCT-PLS13 ,1,2017,7,22,0,28,0,2F-2
505,4960,IND-PLS13 ,1,2017,7,17,0,24,46,3F-3
506,4961,IND-PLS13 ,0,0,9,9,0,11,18,
507,4962,MCT-PLS13 ,1,2017,10,17,0,10,24,3F-2
508,4963,ELE-PLS13 ,0,2017,12,23,0,26,26,3F-1
509,4964,CIV-PLS13 ,0,0,7,0,0,0,0,
510,4965,CIV-PLS13 ,0,0,2,0,0,0,0,
511,4966,CIV-PLS13 ,0,0,0,0,0,0,0,
512,4967,MCT-PLS13 ,0,2017,7,15,0,16,30,3F-1
513,4968,MEC-PLS13 ,0,0,13,6,0,0,0,
514,4969,ELE-PLS13 ,0,0,0,15,0,20,26,
515,4970,ELE-PLS13 ,0,2017,10,12,0,31,0,"2F-1,3F-1"
516,4971,CIV-PLS13 ,0,0,4,6,0,0,0,
517,4972,ELE-PLS13 ,1,2017,14,22,0,40,0,2F-4
518,4973,ELE-PLS13 ,0,0,6,4,0,0,0,
519,4974,ELE-PLS13 ,1,2017,16,28,0,0,0,1F-4
520,4975,CIV-PLS13 ,0,0,11,10,0,8,12,
521,4976,MCT-PLS13 ,0,2017,15,14,0,20,34,3F-1
522,4977,ELE-PLS13 ,0,0,4,0,0,0,0,
523,4978,ELE-PLS13 ,1,2016,11,24,0,0,0,1F-2
524,4979,CIV-PLS13 ,1,2017,16,27,0,0,0,1F-4
525,4980,CIV-PLS13 ,0,0,2,9,0,0,0,
526,4981,IND-PLS13 ,0,0,6,11,0,12,10,
527,4982,ELE-PLS13 ,0,0,10,3,0,0,0,
528,4983,CIV-PLS13 ,0,0,0,0,0,0,0,
529,4984,CIV-PLS13 ,0,0,10,18,0,15,13,
530,4985,CIV-PLS13 ,1,2017,7,24,0,26,26,3F-2
531,4986,ELE-PLS13 ,0,2017,17,11,0,0,0,"2F-1,3F-1"
532,4987,CIV-PLS13 ,1,2017,20,28,0,0,0,1F-5
533,4988,CIV-PLS13 ,1,2017,19,26,0,0,0,1F-4
534,4989,CIV-PLS13 ,0,0,7,0,0,0,0,
535,4990,CIV-PLS13 ,0,0,7,8,0,0,7,
536,4991,ELE-PLS13 ,1,2017,17,11,0,0,0,"1F-1,2F-2"
537,4992,CIV-PLS13 ,0,2017,6,22,0,18,32,3F-1
538,4993,MCT-PLS13 ,0,0,0,12,0,0,0,
539,4994,CIV-PLS13 ,0,2017,11,15,0,18,33,3F-1
540,5054,IND-PLS09 ,0,0,0,0,0,0,0,
541,5055,MCT-PLS09 ,0,0,4,0,0,0,0,
542,5056,IND-PLS09 ,0,0,0,0,0,0,0,
543,5057,ELE-PLS09 ,0,2017,11,13,0,31,0,"2F-1,3F-1"
544,5058,IND-PLS09 ,0,0,12,0,0,0,0,
545,5059,MEC-PLS09 ,0,0,0,0,0,0,0,
546,5060,MEC-PLS09 ,0,2016,10,0,0,0,0,"1F-1,2F-1,3F-1"
547,5061,ELE-PLS09 ,0,0,0,0,0,0,0,
548,5062,ELE-PLS09 ,0,0,10,7,0,12,6,
549,5063,CIV-PLS09 ,0,0,15,10,0,18,16,
550,5064,MEC-PLS09 ,1,2016,11,0,0,0,0,1F-2
551,5065,CIV-PLS09 ,0,2016,14,0,0,0,0,"1F-1,2F-1"
552,5066,CIV-PLS09 ,1,2016,15,19,0,25,18,3F-3
553,5067,CIV-PLS09 ,0,0,4,0,0,0,0,
554,5068,CIV-PLS09 ,0,0,9,15,0,12,0,
555,5069,CIV-PLS09 ,0,0,7,19,0,21,16,
556,5070,MEC-PLS09 ,0,2016,14,14,0,0,0,1F-1
557,5071,CIV-PLS09 ,0,0,2,0,0,0,0,
558,5072,ELE-PLS09 ,0,0,0,0,0,0,0,
559,5073,ELE-PLS09 ,0,2016,0,0,0,0,0,
560,5074,MEC-PLS09 ,1,2016,17,17,0,0,0,1F-2
561,5075,MEC-PLS09 ,0,0,9,0,0,0,0,
562,5076,ELE-PLS09 ,0,0,17,0,0,0,0,
563,5077,CIV-PLS09 ,0,2017,13,5,0,10,28,3F-1
564,5078,ELE-PLS09 ,0,0,10,10,0,14,26,
565,5079,MEC-PLS09 ,0,0,2,14,0,2,10,
566,5080,CIV-PLS09 ,0,2017,10,21,0,0,0,"1F-1,2F-1,3F-1"
567,5081,ELE-PLS09 ,0,0,1,10,0,0,0,
568,5082,ELE-PLS09 ,0,0,11,16,0,0,10,
569,5083,MEC-PLS09 ,0,0,12,7,0,6,14,
570,5084,IND-PLS09 ,0,0,0,0,0,0,0,
571,5085,ELE-PLS09 ,0,0,8,2,0,0,0,
572,5086,ELE-PLS09 ,0,0,10,0,0,0,0,
573,5087,CIV-PLS09 ,0,0,6,6,0,0,0,
574,5088,CIV-PLS09 ,0,0,14,8,0,0,20,
575,5089,ELE-PLS09 ,0,0,3,3,0,0,0,
576,5090,ELE-PLS09 ,1,2017,16,14,0,0,0,"1F-1,2F-1,3F-2"
577,5091,CIV-PLS09 ,0,0,0,0,0,0,0,
578,5092,MEC-PLS09 ,0,0,3,7,0,0,0,
579,5093,ELE-PLS09 ,1,2017,18,20,0,0,0,1F-2
580,5094,MEC-PLS09 ,0,0,0,0,0,0,0,
581,5095,CIV-PLS09 ,0,0,3,1,0,0,0,
582,5096,ELE-PLS09 ,0,0,10,14,0,18,24,
583,5097,MCT-PLS09 ,0,0,4,0,0,0,0,
584,5098,CIV-PLS09 ,1,2016,12,0,0,0,0,"1F-1,2F-2"
585,5099,CIV-PLS09 ,0,0,9,9,0,0,0,
586,5100,CIV-PLS09 ,0,0,4,7,0,0,0,
587,5101,IND-PLS09 ,0,0,3,6,0,0,0,
588,5102,CIV-PLS09 ,0,0,9,3,0,0,0,
589,5103,CIV-PLS09 ,0,0,1,0,0,0,0,
590,5104,MEC-PLS09 ,0,0,6,12,0,10,10,
591,5105,ELE-PLS09 ,0,2016,0,0,0,0,0,2F-1
592,7219,IND-PLS13 ,0,0,0,0,0,0,0,
593,7220,IND-PLS13 ,0,0,2,0,0,0,0,
594,7221,MCT-PLS13 ,0,2017,9,20,0,36,0,2F-1
595,7222,ELE-PLS13 ,0,2018,10,25,0,0,0,2F-1
596,7223,MCT-PLS13 ,0,0,3,12,0,0,0,
597,7224,ELE-PLS13 ,0,0,14,12,0,22,0,
598,7225,MCT-PLS13 ,0,2017,0,0,0,0,0,
599,7226,ELE-PLS13 ,1,2018,5,10,0,34,0,2F-3
600,7227,CIV-PLS13 ,1,2018,16,26,0,0,0,1F-4
601,7228,CIV-PLS13 ,0,0,5,0,0,0,0,
602,7229,MCT-PLS13 ,0,0,7,11,0,0,0,
603,7230,ELE-PLS13 ,1,2018,10,21,0,0,0,"1F-1,2F-2"
604,7231,CIV-PLS13 ,0,2018,9,21,0,0,0,"1F-1,2F-1"
605,7232,ELE-PLS13 ,1,2018,15,19,0,0,0,1F-2
606,7233,ELE-PLS13 ,1,2017,0,0,0,0,0,2F-2
607,7234,ELE-PLS13 ,1,2017,10,22,0,0,0,1F-2
608,7235,MCT-PLS13 ,0,0,6,9,0,22,0,
609,7236,ELE-PLS13 ,0,2017,14,11,0,26,0,2F-1
610,7237,MCT-PLS13 ,1,2018,14,21,0,0,0,1F-2
611,7238,MCT-PLS13 ,1,2017,15,23,0,0,0,1F-2
612,7239,IND-PLS13 ,0,0,13,10,0,16,0,
613,7240,ELE-PLS13 ,0,2018,10,20,0,34,0,
614,7241,MCT-PLS13 ,1,2018,15,24,0,0,0,1F-3
615,7242,CIV-PLS13 ,0,0,9,0,0,0,0,
616,7243,ELE-PLS13 ,1,2018,9,17,0,31,0,2F-2
617,7244,ELE-PLS13 ,0,0,12,16,0,26,0,
618,7245,IND-PLS13 ,1,2018,11,20,0,0,0,1F-2
619,7246,CIV-PLS13 ,0,2017,8,10,0,0,0,
620,7247,ELE-PLS13 ,1,2018,14,14,0,0,0,1F-2
621,7248,CIV-PLS13 ,0,0,5,10,0,28,0,
622,7249,MCT-PLS13 ,0,0,0,0,0,0,0,
623,7250,CIV-PLS13 ,1,2018,10,30,0,0,0,1F-4
624,7251,ELE-PLS13 ,0,2017,0,0,0,0,0,
625,7252,CIV-PLS13 ,0,2018,15,8,0,30,0,
626,7253,IND-PLS13 ,1,2017,16,0,0,32,0,2F-2
627,7254,MCT-PLS13 ,1,2018,13,30,0,0,0,1F-4
628,7255,ELE-PLS13 ,1,2018,12,26,0,0,0,1F-2
629,7256,CIV-PLS13 ,1,2018,12,21,0,0,0,1F-2
630,7257,CIV-PLS13 ,1,2018,12,20,0,0,0,1F-2
631,7258,ELE-PLS13 ,0,0,10,4,0,0,0,
632,7259,ELE-PLS13 ,0,0,9,11,0,0,0,
633,7260,MCT-PLS13 ,0,0,8,7,0,20,0,
634,7261,ELE-PLS13 ,0,2018,10,9,0,30,0,
635,7262,CIV-PLS13 ,0,0,12,3,0,24,0,
636,7263,CIV-PLS13 ,0,0,14,4,0,0,0,
637,7264,CIV-PLS13 ,1,2018,13,10,0,32,0,2F-2
638,7265,ELE-PLS13 ,0,0,3,13,0,0,0,
639,7266,CIV-PLS13 ,0,2018,17,17,0,0,0,2F-1
640,7267,CIV-PLS13 ,1,2018,15,22,0,0,0,"1F-1,2F-3"
641,7268,CIV-PLS13 ,1,2018,11,18,0,0,0,1F-2
642,7269,CIV-PLS13 ,1,2018,15,18,0,0,0,1F-3
643,7270,IND-PLS13 ,0,2017,0,0,0,0,0,1F-1
644,7271,CIV-PLS13 ,1,2017,12,16,0,0,0,2F-3
645,7272,CIV-PLS13 ,0,2018,7,9,0,32,0,2F-1
646,7273,CIV-PLS13 ,0,0,9,13,0,10,0,
647,7274,ELE-PLS13 ,1,2017,13,17,0,0,0,"1F-1,2F-2"
648,7275,CIV-PLS13 ,1,2018,13,18,0,0,0,1F-2
649,7276,ELE-PLS13 ,0,0,10,13,0,0,0,
650,7277,MCT-PLS13 ,0,0,5,1,0,0,0,
651,7278,CIV-PLS13 ,0,0,0,12,0,0,0,
652,7279,ELE-PLS13 ,0,2018,14,22,0,0,0,2F-1
653,7280,ELE-PLS13 ,1,2018,12,20,0,0,0,1F-2
654,7281,IND-PLS13 ,1,2018,10,21,0,0,0,1F-2
655,7282,MEC-PLS13 ,0,0,0,0,0,0,0,
656,7283,MCT-PLS13 ,0,2018,12,17,0,0,0,1F-1
657,7284,MCT-PLS13 ,0,0,10,8,0,26,0,
658,7285,MCT-PLS13 ,0,0,0,0,0,0,0,
659,7286,CIV-PLS13 ,0,2017,14,12,0,0,0,
660,7287,CIV-PLS13 ,0,0,9,2,0,0,0,
661,7288,CIV-PLS13 ,1,2018,14,26,0,0,0,1F-5
662,7289,CIV-PLS13 ,1,2018,13,16,0,32,0,2F-2
663,7290,IND-PLS13 ,1,2018,13,22,0,0,0,1F-2
664,7291,ELE-PLS13 ,1,2018,12,18,0,0,0,1F-3
665,7292,MCT-PLS13 ,0,2018,12,15,0,34,0,2F-1
666,7293,MCT-PLS13 ,0,0,14,17,0,0,0,
667,7294,MCT-PLS13 ,1,2017,13,20,0,0,0,1F-2
668,7295,CIV-PLS13 ,0,0,7,18,0,18,0,
669,7296,ELE-PLS13 ,0,0,0,0,0,0,0,
670,7297,CIV-PLS13 ,1,2018,0,16,0,33,0,2F-2
671,7298,MCT-PLS13 ,0,0,0,0,0,0,0,
672,7299,ELE-PLS13 ,1,2018,12,23,0,0,0,1F-2
673,7300,MCT-PLS13 ,0,2018,14,28,0,0,0,
674,7301,ELE-PLS13 ,0,0,13,12,0,0,0,
675,7302,ELE-PLS13 ,1,2018,11,15,0,0,0,2F-2
676,7303,CIV-PLS13 ,1,2017,21,20,0,0,0,1F-2
677,7304,MEC-PLS13 ,0,0,3,0,0,0,0,
678,7305,CIV-PLS13 ,1,2018,17,14,0,0,0,1F-2
679,7306,MEC-PLS13 ,1,2017,17,18,0,0,0,1F-2
680,7307,MEC-PLS13 ,0,2018,12,17,0,0,0,
681,7308,ELE-PLS13 ,0,0,9,6,0,0,0,
682,7309,MEC-PLS13 ,0,0,4,3,0,0,0,
683,7310,CIV-PLS13 ,1,2018,0,17,0,44,0,2F-3
684,7311,MCT-PLS13 ,0,0,7,9,0,22,0,
685,7312,CIV-PLS13 ,1,2017,14,27,0,0,0,1F-4
686,7313,CIV-PLS13 ,1,2018,13,24,0,0,0,1F-3
687,7314,MCT-PLS13 ,1,2017,17,26,0,0,0,1F-4
688,7315,ELE-PLS13 ,1,2017,14,26,0,0,0,1F-3
689,7316,CIV-PLS13 ,1,2017,10,19,0,0,0,1F-2
690,7317,CIV-PLS13 ,1,2017,9,24,0,0,0,1F-2
691,7318,CIV-PLS13 ,0,0,6,0,0,0,0,
692,7319,CIV-PLS13 ,1,2018,13,16,0,0,0,1F-2
693,7320,MCT-PLS13 ,1,2017,16,18,0,0,0,1F-2
694,7321,ELE-PLS13 ,0,0,10,14,0,28,0,
695,7322,ELE-PLS13 ,0,0,11,7,0,0,0,
696,7323,CIV-PLS13 ,0,0,12,14,0,24,0,
697,7324,ELE-PLS13 ,1,2018,17,19,0,0,0,1F-2
698,7325,CIV-PLS13 ,0,0,9,0,0,0,0,
699,7326,MEC-PLS13 ,0,0,7,0,0,0,0,
700,7327,ELE-PLS13 ,1,2018,7,8,0,46,0,2F-4
701,7328,IND-PLS13 ,0,0,15,9,0,19,0,
702,7329,ELE-PLS13 ,0,0,6,11,0,21,0,
703,7330,MCT-PLS13 ,0,0,0,0,0,0,0,
704,7331,IND-PLS13 ,0,0,0,0,0,0,0,
705,7332,CIV-PLS13 ,0,0,9,12,0,0,0,
706,7333,ELE-PLS13 ,0,0,9,4,0,0,0,
707,7334,CIV-PLS13 ,1,2018,13,16,0,0,0,1F-3
708,7335,MCT-PLS13 ,1,2017,13,25,0,0,0,1F-4
709,7336,CIV-PLS13 ,1,2018,17,22,0,26,0,2F-3
710,7337,ELE-PLS13 ,1,2018,23,31,0,0,0,1F-5
711,7338,CIV-PLS13 ,1,2018,13,22,0,40,0,2F-4
712,7339,IND-PLS13 ,1,2018,11,20,0,43,0,2F-5
713,7340,MCT-PLS13 ,1,2018,12,5,0,44,0,2F-3
714,7341,CIV-PLS13 ,0,0,14,0,0,0,0,
715,7342,CIV-PLS13 ,0,2018,17,13,0,10,0,2F-1
716,7343,MEC-PLS13 ,0,0,4,0,0,0,0,
717,7344,MEC-PLS13 ,0,0,12,6,0,28,0,
718,7345,CIV-PLS13 ,1,2018,13,18,0,43,0,2F-5
719,7346,IND-PLS13 ,1,2017,19,12,0,0,0,"1F-1,2F-3"
720,7347,MEC-PLS13 ,0,2018,13,19,0,30,0,
721,7348,MCT-PLS13 ,0,0,0,0,0,0,0,
722,7349,ELE-PLS13 ,0,0,4,5,0,0,0,
723,7350,CIV-PLS13 ,1,2018,10,22,0,0,0,1F-2
724,7351,CIV-PLS13 ,0,2018,15,9,0,30,0,2F-1
725,7352,ELE-PLS13 ,1,2018,10,19,0,31,0,2F-3
726,7353,IND-PLS13 ,0,0,14,8,0,24,0,
727,7354,CIV-PLS13 ,0,2018,9,13,0,29,0,2F-1
728,7355,MCT-PLS13 ,0,2018,13,24,0,0,0,2F-1
729,7356,ELE-PLS13 ,0,0,0,0,0,0,0,
730,7357,IND-PLS13 ,0,2018,11,13,0,34,0,2F-1
731,7358,MCT-PLS13 ,0,2018,7,18,0,38,0,2F-1
732,7359,CIV-PLS13 ,1,2018,22,17,0,0,0,1F-2
733,7360,IND-PLS13 ,0,2018,10,19,0,28,0,
734,7361,IND-PLS13 ,0,0,12,8,0,4,0,
735,7362,IND-PLS13 ,0,0,9,13,0,0,0,
736,7363,IND-PLS13 ,1,2018,14,28,0,0,0,1F-5
737,7364,MCT-PLS13 ,0,0,14,12,0,24,0,
738,7365,IND-PLS13 ,1,2018,10,15,0,52,0,2F-5
739,7366,CIV-PLS13 ,1,2018,15,18,0,0,0,1F-2
740,7367,MEC-PLS13 ,0,2017,11,0,0,0,0,
741,7368,CIV-PLS13 ,1,2018,14,10,0,30,0,2F-2
742,7369,ELE-PLS13 ,1,2018,14,19,0,0,0,"1F-1,2F-2"
743,7370,CIV-PLS13 ,1,2017,14,23,0,0,0,1F-3
744,7371,ELE-PLS13 ,0,0,10,0,0,0,0,
745,7372,CIV-PLS13 ,1,2017,16,13,0,0,0,1F-2
746,7373,MCT-PLS13 ,0,2018,12,14,0,0,0,1F-1
747,7374,CIV-PLS13 ,0,0,2,0,0,0,0,
748,7375,CIV-PLS13 ,0,2018,14,13,0,32,0,2F-1
749,7376,ELE-PLS13 ,1,2018,17,25,0,0,0,1F-3
750,7377,ELE-PLS13 ,1,2017,16,25,0,0,0,1F-4
751,7378,ELE-PLS13 ,0,2018,9,18,0,30,0,2F-1
752,7379,ELE-PLS13 ,0,2018,9,18,0,36,0,
753,7380,ELE-PLS13 ,1,2018,11,13,0,38,0,2F-2
754,7381,ELE-PLS13 ,1,2017,13,22,0,0,0,1F-3
755,7382,ELE-PLS13 ,0,0,7,4,0,0,0,
756,7383,IND-PLS13 ,0,0,2,4,0,0,0,
757,7384,CIV-PLS13 ,1,2018,8,11,0,26,0,2F-2
758,7385,IND-PLS13 ,0,0,12,12,0,27,0,
759,7386,ELE-PLS13 ,0,0,12,15,0,24,0,
760,7387,MCT-PLS13 ,0,2017,8,0,0,0,0,
761,7388,MCT-PLS13 ,0,2018,11,25,0,38,0,
762,7389,CIV-PLS13 ,1,2018,18,22,0,0,0,1F-3
763,7390,CIV-PLS13 ,1,2018,17,17,0,0,0,1F-2
764,7391,IND-PLS13 ,1,2017,14,25,0,0,0,1F-2
765,7392,CIV-PLS13 ,0,0,12,11,0,0,0,
766,7393,ELE-PLS13 ,0,0,2,0,0,0,0,
767,7394,ELE-PLS13 ,0,2018,15,10,0,30,0,2F-1
768,7395,ELE-PLS13 ,1,2018,11,21,0,0,0,"1F-1,2F-2"
769,7396,CIV-PLS13 ,1,2017,10,23,0,0,0,2F-3
770,7397,ELE-PLS13 ,1,2017,18,27,0,0,0,1F-4
771,7398,CIV-PLS13 ,1,2017,16,20,0,0,0,1F-2
772,7399,CIV-PLS13 ,1,2018,12,22,0,0,0,1F-3
773,7400,ELE-PLS13 ,0,2018,11,8,0,31,0,2F-1
774,7401,CIV-PLS13 ,1,2018,15,26,0,0,0,1F-4
775,7402,IND-PLS13 ,1,2018,17,23,0,0,0,"1F-1,2F-2"
776,7403,CIV-PLS13 ,1,2018,19,27,0,0,0,1F-4
777,7404,CIV-PLS13 ,0,0,0,0,0,0,0,
778,7405,MCT-PLS13 ,0,2018,9,21,0,0,0,"1F-1,2F-1"
779,7406,ELE-PLS13 ,0,0,8,7,0,6,0,
780,7407,ELE-PLS13 ,1,2017,8,21,0,0,0,1F-2
781,7408,ELE-PLS13 ,0,0,8,9,0,28,0,
782,7409,IND-PLS13 ,1,2018,14,15,0,0,0,1F-2
783,7410,ELE-PLS13 ,0,0,11,12,0,24,0,
784,7411,CIV-PLS13 ,1,2017,10,0,0,0,0,1F-2
785,7412,ELE-PLS13 ,1,2017,13,21,0,0,0,1F-4
786,7413,ELE-PLS13 ,0,0,9,14,0,0,0,
787,7414,CIV-PLS13 ,1,2017,14,0,0,0,0,1F-2
788,7415,CIV-PLS13 ,1,2018,15,16,0,24,0,2F-2
789,7416,ELE-PLS13 ,0,2018,13,18,0,0,0,
790,7417,CIV-PLS13 ,1,2018,20,14,0,0,0,1F-3
791,7418,ELE-PLS13 ,0,2018,13,14,0,30,0,
792,7419,CIV-PLS13 ,0,0,11,5,0,18,0,
793,7420,CIV-PLS13 ,1,2018,16,27,0,0,0,1F-4
794,7421,CIV-PLS13 ,1,2017,17,27,0,0,0,1F-5
795,7422,IND-PLS13 ,0,2018,13,16,0,28,0,
796,7423,CIV-PLS13 ,1,2018,14,25,0,0,0,1F-3
797,7424,ELE-PLS13 ,1,2018,12,23,0,0,0,1F-3
798,7425,MCT-PLS13 ,0,0,11,11,0,24,0,
799,7426,CIV-PLS13 ,0,0,9,13,0,14,0,
800,7427,CIV-PLS13 ,1,2017,16,22,0,0,0,1F-2
801,7428,CIV-PLS13 ,0,0,10,15,0,22,0,
802,7429,IND-PLS13 ,1,2018,11,20,0,0,0,1F-2
803,7430,IND-PLS13 ,0,0,0,8,0,0,0,
804,7431,ELE-PLS13 ,1,2017,15,25,0,0,0,1F-3
805,7432,IND-PLS13 ,1,2018,13,18,0,0,0,1F-2
806,7433,IND-PLS13 ,0,0,7,18,0,28,0,
807,7434,CIV-PLS13 ,1,2018,16,12,0,0,0,1F-2
808,7435,CIV-PLS13 ,0,0,8,21,0,26,0,
809,7436,IND-PLS13 ,1,2018,8,20,0,32,0,2F-2
810,7437,CIV-PLS13 ,0,0,15,11,0,16,0,
811,7438,IND-PLS13 ,1,2018,10,11,0,36,0,2F-3
812,7439,CIV-PLS13 ,0,0,0,0,0,0,0,
813,7440,CIV-PLS13 ,0,2018,15,8,0,29,0,2F-1
814,7441,CIV-PLS13 ,1,2018,17,25,0,0,0,1F-4
815,7442,ELE-PLS13 ,0,2017,8,0,0,0,0,"1F-1,2F-1"
816,7443,MEC-PLS13 ,0,2018,11,20,0,0,0,"1F-1,2F-1"
817,7444,ELE-PLS13 ,1,2018,19,18,0,0,0,1F-2
818,7445,IND-PLS13 ,1,2018,15,17,0,0,0,1F-2
819,7446,ELE-PLS13 ,1,2018,17,25,0,0,0,1F-4
820,7447,CIV-PLS13 ,1,2018,16,24,0,0,0,1F-2
821,7448,IND-PLS13 ,0,0,0,19,0,0,0,
822,7449,MCT-PLS13 ,0,2018,17,19,0,0,0,
823,7450,ELE-PLS13 ,0,0,2,0,0,0,0,
824,7451,IND-PLS13 ,1,2018,14,22,0,0,0,1F-4
825,7452,CIV-PLS13 ,1,2018,9,11,0,29,0,2F-2
826,7453,CIV-PLS13 ,1,2017,16,14,0,25,0,2F-2
827,7454,IND-PLS13 ,0,0,14,8,0,23,0,
828,7455,MCT-PLS13 ,0,0,0,18,0,0,0,
829,7456,CIV-PLS13 ,0,0,6,1,0,0,0,
830,7457,IND-PLS13 ,1,2018,9,23,0,0,0,1F-3
831,7458,ELE-PLS13 ,0,2018,6,19,0,30,0,2F-1
832,7459,CIV-PLS13 ,0,0,6,9,0,25,0,
833,7460,ELE-PLS13 ,1,2018,18,20,0,20,0,2F-4
834,7461,ELE-PLS13 ,0,0,8,12,0,0,0,
835,7462,ELE-PLS13 ,0,0,12,10,0,25,0,
836,7463,ELE-PLS13 ,0,0,3,0,0,0,0,
837,7464,ELE-PLS13 ,1,2018,13,22,0,46,0,2F-5
838,7465,MCT-PLS13 ,0,0,5,0,0,0,0,
839,7466,CIV-PLS13 ,1,2018,11,17,0,0,0,1F-2
840,7467,MCT-PLS13 ,0,0,6,14,0,0,0,
841,7468,ELE-PLS13 ,0,0,4,5,0,0,0,
842,7469,MEC-PLS13 ,0,2018,10,21,0,0,0,
843,7470,CIV-PLS13 ,1,2018,18,18,0,0,0,"1F-1,2F-2"
844,7471,IND-PLS13 ,0,0,0,0,0,0,0,
845,7472,CIV-PLS13 ,0,0,8,7,0,16,0,
846,7473,MEC-PLS13 ,0,0,8,0,0,0,0,
847,7474,CIV-PLS13 ,1,2017,17,25,0,0,0,1F-3
848,7475,IND-PLS13 ,0,0,7,15,0,23,0,
849,7476,IND-PLS13 ,1,2017,14,28,0,0,0,1F-3
850,7477,CIV-PLS13 ,0,2017,9,0,0,0,0,"1F-1,2F-1"
851,7478,ELE-PLS13 ,1,2017,14,16,0,0,0,1F-2
852,7479,CIV-PLS13 ,0,0,4,0,0,0,0,
853,7480,ELE-PLS13 ,1,2018,13,23,0,0,0,1F-4
854,7481,ELE-PLS13 ,0,2017,0,3,0,28,0,
855,7482,ELE-PLS13 ,1,2017,10,17,0,0,0,1F-3
856,7483,IND-PLS13 ,1,2018,8,21,0,0,0,1F-2
857,7484,ELE-PLS13 ,0,0,11,12,0,24,0,
858,7485,ELE-PLS13 ,1,2018,19,22,0,0,0,1F-3
859,7486,IND-PLS13 ,0,0,6,0,0,0,0,
860,7487,ELE-PLS13 ,1,2017,7,0,0,0,0,"1F-1,2F-2"
861,7488,IND-PLS13 ,1,2018,18,23,0,0,0,1F-4
862,7489,CIV-PLS13 ,1,2018,18,30,0,0,0,1F-5
863,7490,ELE-PLS13 ,0,0,7,9,0,17,0,
864,7491,IND-PLS13 ,1,2018,16,22,0,0,0,1F-4
865,7492,ELE-PLS13 ,1,2018,15,15,0,36,0,2F-2
866,7493,ELE-PLS13 ,1,2018,12,18,0,0,0,1F-2
867,7494,CIV-PLS13 ,1,2018,11,17,0,0,0,"1F-1,2F-2"
868,7495,ELE-PLS13 ,1,2018,12,22,0,0,0,1F-2
869,7496,CIV-PLS13 ,1,2018,13,21,0,30,0,2F-3
870,7497,CIV-PLS13 ,1,2018,11,12,0,47,0,2F-5
871,7498,IND-PLS13 ,1,2017,13,18,0,46,0,2F-3
872,7499,CIV-PLS13 ,1,2017,18,16,0,0,0,"1F-1,2F-2"
873,7500,CIV-PLS13 ,0,0,9,14,0,24,0,
874,7501,CIV-PLS13 ,1,2018,4,24,0,0,0,2F-2
875,7502,ELE-PLS13 ,1,2017,15,30,0,0,0,1F-5
876,7503,CIV-PLS13 ,0,0,12,11,0,27,0,
877,7504,CIV-PLS13 ,0,2018,16,16,0,0,0,"1F-1,2F-1"
878,7505,ELE-PLS13 ,0,0,3,0,0,0,0,
879,7506,MEC-PLS13 ,0,0,0,0,0,0,0,
880,7507,CIV-PLS13 ,1,2018,14,15,0,0,0,1F-2
881,7508,ELE-PLS13 ,0,0,6,10,0,13,0,
882,7509,CIV-PLS13 ,1,2017,11,18,0,0,0,1F-2
883,7510,CIV-PLS13 ,1,2018,9,19,0,33,0,2F-2
884,7511,ELE-PLS13 ,0,0,15,0,0,22,0,
885,7512,CIV-PLS13 ,0,2018,12,19,0,0,0,
886,7513,ELE-PLS13 ,0,2018,8,10,0,31,0,2F-1
887,7514,IND-PLS13 ,0,0,8,10,0,0,0,
888,7515,ELE-PLS13 ,1,2017,15,24,0,0,0,1F-2
889,7516,MCT-PLS13 ,0,2017,14,21,0,0,0,2F-1
890,7517,MEC-PLS13 ,0,2018,14,22,0,28,0,
891,7518,ELE-PLS13 ,1,2017,14,24,0,0,0,1F-4
892,7519,IND-PLS13 ,0,2018,14,9,0,32,0,2F-1
893,7520,ELE-PLS13 ,0,0,6,14,0,0,0,
894,7521,CIV-PLS13 ,0,0,15,11,0,0,0,
895,7522,MCT-PLS13 ,1,2017,17,24,0,0,0,1F-4
896,7523,CIV-PLS13 ,0,0,9,17,0,24,0,
897,7524,IND-PLS13 ,1,2018,8,9,0,30,0,2F-2
898,7525,CIV-PLS13 ,1,2018,16,22,0,0,0,1F-4
899,7526,ELE-PLS13 ,1,2017,15,0,0,0,0,2F-3
900,7527,CIV-PLS13 ,0,0,9,16,0,26,0,
901,7528,CIV-PLS13 ,1,2017,16,26,0,0,0,1F-4
902,7529,MCT-PLS13 ,0,2018,17,22,0,0,0,1F-1
903,7530,CIV-PLS13 ,1,2017,9,21,0,0,0,"1F-1,2F-3"
904,7858,ELE-PLS09 ,0,2017,17,20,0,0,0,1F-1
905,7859,MEC-PLS09 ,0,0,5,2,0,0,0,
906,7860,MEC-PLS09 ,0,0,13,8,0,24,0,
907,7861,ELE-PLS09 ,0,2018,8,8,0,32,0,2F-1
908,7862,CIV-PLS09 ,1,2018,12,19,0,0,0,"1F-1,2F-3"
909,7863,CIV-PLS09 ,1,2018,14,18,0,0,0,1F-3
910,7864,CIV-PLS09 ,1,2018,6,17,0,28,0,2F-2
911,7865,MEC-PLS09 ,1,2018,9,19,0,34,0,2F-2
912,7866,ELE-PLS09 ,0,0,5,0,0,0,0,
913,7867,MEC-PLS09 ,0,0,6,0,0,0,0,
914,7868,CIV-PLS09 ,1,2017,0,0,0,0,0,"1F-1,2F-2"
915,7869,ELE-PLS09 ,0,0,6,4,0,0,0,
916,7870,MEC-PLS09 ,0,0,6,0,0,0,0,
917,7871,CIV-PLS09 ,1,2018,8,7,0,30,0,2F-2
918,7872,MEC-PLS09 ,0,0,10,6,0,0,0,
919,7873,MEC-PLS09 ,0,0,8,13,0,29,0,
920,7874,ELE-PLS09 ,0,2018,14,19,0,0,0,"1F-1,2F-1"
921,7875,MEC-PLS09 ,1,2018,6,18,0,37,0,2F-3
922,7876,ELE-PLS09 ,0,0,8,0,0,0,0,
923,7877,CIV-PLS09 ,0,0,0,0,0,0,0,
924,7878,ELE-PLS09 ,0,0,4,0,0,0,0,
925,7879,CIV-PLS09 ,0,0,0,12,0,0,0,
926,7880,MEC-PLS09 ,0,0,0,0,0,0,0,
927,7881,CIV-PLS09 ,0,0,9,0,0,0,0,
928,7882,ELE-PLS09 ,1,2018,15,16,0,0,0,1F-3
929,7883,CIV-PLS09 ,0,0,5,0,0,0,0,
930,7884,IND-PLS09 ,0,0,6,5,0,0,0,
931,7885,CIV-PLS09 ,0,0,7,9,0,18,0,
932,7886,ELE-PLS09 ,0,0,11,4,0,0,0,
933,7887,MEC-PLS09 ,1,2018,8,22,0,0,0,1F-2
934,7888,ELE-PLS09 ,0,0,8,11,0,0,0,
935,9854,ELE-PLS13 ,0,0,8,8,0,16,27,
936,9855,IND-PLS13 ,1,2018,17,19,0,0,0,1F-4
937,9856,MCT-PLS13 ,0,2018,13,21,0,0,0,3F-1
938,9857,ELE-PLS13 ,0,2018,15,14,0,0,0,"1F-1,2F-1"
939,9858,ELE-PLS13 ,0,2018,17,18,0,0,0,"1F-1,2F-1,3F-1"
940,9859,MCT-PLS13 ,0,2018,12,18,0,24,15,
941,9860,ELE-PLS13 ,0,2018,13,13,0,36,26,
942,9861,CIV-PLS13 ,0,0,0,0,0,0,0,
943,9862,CIV-PLS13 ,0,0,8,5,0,0,0,
944,9863,MCT-PLS13 ,0,0,10,0,0,0,0,
945,9864,CIV-PLS13 ,1,2018,14,24,0,44,0,2F-3
946,9865,CIV-PLS13 ,0,0,0,0,0,0,0,
947,9866,MCT-PLS13 ,0,2018,4,18,0,30,0,"2F-1,3F-1"
948,9867,ELE-PLS13 ,1,2018,9,14,0,48,0,2F-4
949,9868,CIV-PLS13 ,0,0,7,3,0,0,0,
950,9869,IND-PLS13 ,1,2018,13,12,0,33,0,2F-2
951,9870,ELE-PLS13 ,1,2018,10,0,0,0,0,1F-2
952,9871,CIV-PLS13 ,0,2018,15,2,0,32,20,
953,9872,CIV-PLS13 ,0,0,8,0,0,0,0,
954,9873,ELE-PLS13 ,0,0,12,11,0,28,30,
955,9874,CIV-PLS13 ,1,2018,16,21,0,0,0,1F-4
956,9875,MCT-PLS13 ,0,0,6,16,0,0,6,
957,9876,CIV-PLS13 ,0,2018,11,19,0,0,0,"2F-1,3F-1"
958,9877,MCT-PLS13 ,0,2018,6,16,0,0,28,
959,9878,ELE-PLS13 ,1,2018,11,14,0,40,0,2F-4
960,9879,CIV-PLS13 ,1,2018,17,24,0,0,0,1F-4
961,9880,ELE-PLS13 ,0,0,14,9,0,0,0,
962,9881,ELE-PLS13 ,0,2018,15,15,0,0,30,1F-1
963,9882,ELE-PLS13 ,0,2018,8,12,0,40,0,2F-1
964,9883,MEC-PLS13 ,0,2018,12,10,0,0,38,3F-1
965,9884,ELE-PLS13 ,0,2018,6,0,0,34,0,"2F-1,3F-1"
966,9885,CIV-PLS13 ,0,2018,10,16,0,34,0,"2F-1,3F-1"
967,9886,CIV-PLS13 ,0,2018,20,11,0,16,0,"2F-1,3F-1"
968,9887,ELE-PLS13 ,0,2018,11,17,0,0,0,"1F-1,2F-1"
969,9888,MEC-PLS13 ,0,2018,6,10,0,31,31,3F-1
970,9889,MEC-PLS13 ,0,2018,12,13,0,34,0,"2F-1,3F-1"
971,9890,ELE-PLS13 ,0,0,0,0,0,0,0,
972,9891,CIV-PLS13 ,1,2018,10,16,0,0,0,1F-2
973,9892,IND-PLS13 ,0,0,9,6,0,8,20,
974,9893,IND-PLS13 ,0,0,0,0,0,0,0,
975,9894,CIV-PLS13 ,1,2018,8,15,0,0,0,1F-2
976,9895,CIV-PLS13 ,0,0,10,10,0,0,18,
977,9896,CIV-PLS13 ,0,0,8,1,0,0,0,
978,9897,MEC-PLS13 ,0,0,0,0,0,0,0,
979,9898,IND-PLS13 ,0,0,6,13,0,26,25,
980,9899,CIV-PLS13 ,0,2018,18,15,0,0,0,3F-1
981,9900,ELE-PLS13 ,0,0,0,0,0,0,0,
982,9901,MCT-PLS13 ,0,0,10,9,0,0,16,
983,9902,IND-PLS13 ,0,2018,9,8,0,14,32,3F-1
984,9903,CIV-PLS13 ,0,2018,4,11,0,32,0,"2F-1,3F-1"
985,9904,ELE-PLS13 ,0,2018,11,11,0,0,0,3F-1
986,9905,MCT-PLS13 ,1,2018,16,17,0,0,0,1F-2
987,9906,MCT-PLS13 ,1,2018,13,15,0,0,0,1F-3
988,9907,MCT-PLS13 ,0,2018,12,17,0,0,0,1F-1
989,9908,MCT-PLS13 ,0,0,3,0,0,0,0,
990,9909,CIV-PLS13 ,1,2018,12,23,0,0,0,1F-4
991,9910,MCT-PLS13 ,0,2018,15,19,0,0,15,3F-1
992,9911,MEC-PLS13 ,0,2018,7,8,0,15,31,
993,9912,CIV-PLS13 ,1,2018,13,15,0,46,0,2F-5
994,9913,CIV-PLS13 ,1,2018,11,14,0,46,0,2F-4
995,9914,MCT-PLS13 ,1,2018,14,0,0,0,0,1F-2
996,9915,MCT-PLS13 ,0,0,0,0,0,0,0,
997,9916,CIV-PLS13 ,1,2018,16,28,0,0,0,1F-5
998,9917,ELE-PLS13 ,0,0,12,10,0,28,26,
999,9918,MCT-PLS13 ,1,2018,13,17,0,0,0,1F-2
1000,9919,MCT-PLS13 ,0,0,0,0,0,0,0,
1001,9920,ELE-PLS13 ,0,2018,15,11,0,36,0,"2F-1,3F-1"
1002,9921,CIV-PLS13 ,0,0,0,0,0,0,0,
1003,9922,CIV-PLS13 ,0,2018,16,11,0,25,34,3F-1
1004,9923,MCT-PLS13 ,1,2018,0,0,0,0,0,1F-4
1005,9924,CIV-PLS13 ,1,2018,9,9,0,33,0,2F-2
1006,9925,MEC-PLS13 ,1,2018,9,19,0,0,42,"1F-1,3F-2"
1007,9926,MEC-PLS13 ,0,2018,12,8,0,37,0,"2F-1,3F-1"
1008,9927,CIV-PLS13 ,0,0,7,4,0,0,0,
1009,9928,CIV-PLS13 ,0,2018,10,9,0,30,0,"2F-1,3F-1"
1010,9929,MEC-PLS13 ,0,2018,12,10,0,32,0,"2F-1,3F-1"
1011,9930,ELE-PLS13 ,0,0,0,0,0,0,0,
1012,9931,CIV-PLS13 ,0,2018,12,16,0,20,0,"2F-1,3F-1"
1013,9932,CIV-PLS13 ,1,2018,10,22,0,0,0,"1F-1,2F-2"
1014,9933,MEC-PLS13 ,0,2018,11,0,0,0,0,
1015,9934,ELE-PLS13 ,0,2018,11,12,0,44,0,3F-1
1016,9935,MEC-PLS13 ,1,2018,18,14,0,0,0,1F-3
1017,9936,CIV-PLS13 ,1,2018,20,19,0,0,0,1F-4
1018,9937,ELE-PLS13 ,1,2018,11,18,0,46,0,2F-3
1019,9938,CIV-PLS13 ,0,0,0,0,0,0,0,
1020,9939,CIV-PLS13 ,1,2018,10,13,0,30,44,3F-3
1021,9940,ELE-PLS13 ,0,0,8,13,0,24,29,
1022,9941,IND-PLS13 ,0,0,15,13,0,0,0,
1023,9942,MCT-PLS13 ,0,0,9,10,0,0,16,
1024,9943,IND-PLS13 ,1,2018,14,22,0,0,0,1F-4
1025,9944,MCT-PLS13 ,1,2018,11,22,0,0,0,1F-2
1026,9945,ELE-PLS13 ,0,0,13,4,0,0,0,
1027,9946,MCT-PLS13 ,1,2018,15,14,0,0,0,1F-3
1028,9947,MEC-PLS13 ,1,2018,19,23,0,0,0,1F-5
1029,9948,CIV-PLS13 ,1,2018,14,10,0,44,0,2F-4
1030,9949,CIV-PLS13 ,1,2018,19,17,0,40,42,3F-3
1031,9950,CIV-PLS13 ,1,2018,18,18,0,0,0,1F-2
1032,9951,CIV-PLS13 ,0,0,8,0,0,0,0,
1033,9952,IND-PLS13 ,0,0,8,8,0,26,25,
1034,9953,CIV-PLS13 ,0,2018,8,15,0,32,0,
1035,9954,MEC-PLS13 ,1,2018,13,15,0,0,0,1F-4
1036,9955,MEC-PLS13 ,0,0,14,5,0,0,0,
1037,9956,CIV-PLS13 ,0,0,12,0,0,0,0,
1038,9957,CIV-PLS13 ,1,2018,9,18,0,44,0,2F-2
1039,9958,CIV-PLS13 ,0,2018,10,12,0,38,0,"2F-1,3F-1"
1040,9959,ELE-PLS13 ,0,0,18,17,0,0,0,
1041,9960,CIV-PLS13 ,1,2018,4,15,0,48,0,3F-3
1042,9961,ELE-PLS13 ,0,2018,14,16,0,0,0,3F-1
1043,9962,CIV-PLS13 ,1,2018,16,25,0,0,0,1F-4
1044,9963,CIV-PLS13 ,0,0,12,8,0,0,14,
1045,9964,CIV-PLS13 ,1,2018,12,18,0,0,0,"1F-1,2F-1,3F-4"
1046,9965,MCT-PLS13 ,0,0,6,6,0,0,0,
1047,9966,IND-PLS13 ,1,2018,15,13,0,0,0,1F-3
1048,9967,CIV-PLS13 ,1,2018,12,12,0,41,0,2F-5
1049,9968,ELE-PLS13 ,1,2018,13,16,0,42,0,2F-3
1050,9969,CIV-PLS13 ,0,2018,16,8,0,0,30,3F-1
1051,9970,MCT-PLS13 ,1,2018,17,22,0,0,0,"1F-1,2F-3"
1052,9971,IND-PLS13 ,0,0,0,0,0,0,0,
1053,9972,CIV-PLS13 ,0,0,0,0,0,0,0,
1054,9973,MCT-PLS13 ,1,2018,15,16,0,40,0,2F-4
1055,9974,CIV-PLS13 ,0,2018,13,18,0,0,0,"1F-1,2F-1"
1056,9975,MCT-PLS13 ,1,2018,10,5,0,36,0,2F-2
1057,9976,CIV-PLS13 ,0,2018,14,13,0,0,36,3F-1
1058,9977,ELE-PLS13 ,1,2018,4,13,0,52,0,2F-4
1059,9978,CIV-PLS13 ,0,2018,12,16,0,0,0,"1F-1,2F-1"
1060,9979,CIV-PLS13 ,0,0,4,0,0,0,0,
1061,9980,CIV-PLS13 ,1,2018,13,12,0,0,43,"1F-1,3F-2"
1062,9981,IND-PLS13 ,0,0,10,5,0,16,0,
1063,9982,MCT-PLS13 ,1,2018,19,17,0,42,0,2F-4
1064,9983,MEC-PLS13 ,0,0,5,6,0,0,0,
1065,9984,CIV-PLS13 ,0,0,16,10,0,46,0,
1066,9985,ELE-PLS13 ,0,0,15,13,0,0,0,
1067,9986,MEC-PLS13 ,0,2018,12,0,0,0,0,3F-1
1068,9987,MCT-PLS13 ,0,0,6,11,0,0,20,
1069,9988,MCT-PLS13 ,1,2018,12,24,0,43,0,2F-5
1070,9989,CIV-PLS13 ,1,2018,23,30,0,0,0,1F-5
1071,9990,MCT-PLS13 ,0,0,10,12,0,0,0,
1072,9991,ELE-PLS13 ,1,2018,12,19,0,40,0,2F-3
1073,9992,ELE-PLS13 ,0,0,7,0,0,0,0,
1074,9993,IND-PLS13 ,1,2018,17,18,0,0,0,1F-4
1075,9994,CIV-PLS13 ,1,2018,17,12,0,0,0,1F-3
1076,9995,IND-PLS13 ,0,2018,15,13,0,22,35,3F-1
1077,9996,CIV-PLS13 ,0,2018,7,0,0,0,0,"1F-1,2F-1"
1078,9997,MCT-PLS13 ,0,2018,0,0,0,0,0,3F-1
1079,9998,MCT-PLS13 ,0,0,13,0,0,0,0,
1080,9999,ELE-PLS13 ,0,2018,3,12,0,34,0,"2F-1,3F-1"
1081,10000,IND-PLS13 ,1,2018,13,20,0,0,0,"2F-1,3F-2"
1082,10001,CIV-PLS13 ,1,2018,21,14,0,48,0,2F-4
1083,10002,CIV-PLS13 ,1,2018,17,25,0,58,0,2F-5
1084,10003,CIV-PLS13 ,1,2018,17,20,0,0,0,1F-3
1085,10004,CIV-PLS13 ,1,2018,16,10,0,0,0,1F-2
1086,10005,IND-PLS13 ,1,2018,13,11,0,50,0,2F-5
1087,10006,IND-PLS13 ,1,2018,13,16,0,0,0,1F-3
1088,10007,CIV-PLS13 ,0,2018,9,11,0,34,33,3F-1
1089,10008,ELE-PLS13 ,1,2018,11,21,0,31,0,2F-3
1090,10009,ELE-PLS13 ,1,2018,15,14,0,40,0,2F-4
1091,10010,ELE-PLS13 ,0,0,8,0,0,0,0,
1092,10011,IND-PLS13 ,1,2018,14,0,0,30,0,"2F-1,3F-2"
1093,10012,IND-PLS13 ,0,2018,11,12,0,32,0,"2F-1,3F-1"
1094,10013,IND-PLS13 ,1,2018,17,20,0,0,0,1F-2
1095,10014,CIV-PLS13 ,1,2018,18,4,0,14,33,3F-2
1096,10015,ELE-PLS13 ,1,2018,13,17,0,46,0,2F-5
1097,10016,CIV-PLS13 ,0,0,12,12,0,0,0,
1098,10017,CIV-PLS13 ,0,0,2,0,0,0,0,
1099,10018,MCT-PLS13 ,0,2018,13,15,0,38,0,"2F-1,3F-1"
1100,10019,CIV-PLS13 ,0,0,5,0,0,0,0,
1101,10020,MEC-PLS13 ,1,2018,15,15,0,0,0,1F-2
1102,10021,CIV-PLS13 ,0,2018,15,15,0,0,0,"2F-1,3F-1"
1103,10022,MEC-PLS13 ,1,2018,15,16,0,0,0,1F-4
1104,10023,CIV-PLS13 ,0,0,7,13,0,24,46,
1105,10024,ELE-PLS13 ,1,2018,15,24,0,0,0,1F-4
1106,10025,ELE-PLS13 ,0,0,6,5,0,0,0,
1107,10026,CIV-PLS13 ,0,0,12,4,0,0,11,
1108,10027,MCT-PLS13 ,1,2018,9,14,0,31,0,2F-2
1109,10028,CIV-PLS13 ,0,0,13,14,0,16,21,
1110,10029,CIV-PLS13 ,0,2018,6,0,0,0,0,
1111,10030,IND-PLS13 ,0,0,12,10,0,26,18,
1112,10031,ELE-PLS13 ,1,2018,18,15,0,0,0,1F-3
1113,10032,CIV-PLS13 ,1,2018,20,23,0,0,0,1F-4
1114,10033,ELE-PLS13 ,0,2018,11,7,0,0,0,"2F-1,3F-1"
1115,10034,ELE-PLS13 ,1,2018,5,14,0,46,0,2F-4
1116,10035,MCT-PLS13 ,1,2018,11,23,0,52,0,2F-5
1117,10036,ELE-PLS13 ,0,0,10,0,0,0,0,
1118,10037,MCT-PLS13 ,0,0,7,0,0,0,0,
1119,10038,ELE-PLS13 ,0,0,8,7,0,0,18,
1120,10039,IND-PLS13 ,0,2018,10,6,0,30,0,"2F-1,3F-1"
1121,10040,MEC-PLS13 ,0,2018,3,12,0,44,0,3F-1
1122,10041,CIV-PLS13 ,0,0,8,9,0,14,13,
1123,10042,IND-PLS13 ,0,2018,13,16,0,0,0,1F-1
1124,10043,CIV-PLS13 ,1,2018,11,15,0,26,38,3F-3
1125,10044,ELE-PLS13 ,0,0,8,7,0,0,0,
1126,10045,ELE-PLS13 ,1,2018,8,16,0,32,0,2F-3
1127,10046,MCT-PLS13 ,1,2018,7,16,0,32,0,2F-2
1128,10047,MCT-PLS13 ,0,2018,15,19,0,0,0,3F-1
1129,10048,IND-PLS13 ,0,2018,11,9,0,32,10,3F-1
1130,10049,CIV-PLS13 ,1,2018,13,15,0,48,0,2F-5
1131,10050,ELE-PLS13 ,1,2018,17,12,0,50,0,2F-5
1132,10051,ELE-PLS13 ,0,0,0,0,0,0,0,
1133,10052,IND-PLS13 ,0,0,12,0,0,0,0,
1134,10053,ELE-PLS13 ,1,2018,0,0,0,43,0,2F-2
1135,10054,CIV-PLS13 ,0,2018,11,13,0,30,0,"2F-1,3F-1"
1136,10055,CIV-PLS13 ,0,0,0,0,0,0,0,
1137,10056,CIV-PLS13 ,0,2018,12,5,0,29,0,"2F-1,3F-1"
1138,10057,CIV-PLS13 ,0,0,2,13,0,0,0,
1139,10058,CIV-PLS13 ,0,2018,13,3,0,37,0,2F-1
1140,10059,CIV-PLS13 ,1,2018,20,10,0,0,0,"1F-1,2F-2"
1141,10060,CIV-PLS13 ,1,2018,12,15,0,36,0,2F-2
1142,10061,CIV-PLS13 ,1,2018,15,14,0,0,0,"1F-1,2F-2"
1143,10062,CIV-PLS13 ,1,2018,7,22,0,46,0,2F-4
1144,10063,CIV-PLS13 ,0,0,10,2,0,0,0,
1145,10064,ELE-PLS13 ,0,2018,7,0,0,0,0,3F-1
1146,10065,ELE-PLS13 ,0,0,10,0,0,0,0,
1147,10066,MCT-PLS13 ,1,2018,14,12,0,48,0,2F-5
1148,10067,CIV-PLS13 ,0,2018,12,11,0,27,34,
1149,10068,MCT-PLS13 ,0,2018,10,0,0,36,0,2F-1
1150,10069,CIV-PLS13 ,1,2018,13,26,0,39,0,2F-4
1151,10070,ELE-PLS13 ,1,2018,8,8,0,48,0,2F-2
1152,10071,ELE-PLS13 ,0,2018,13,16,0,0,0,2F-1
1153,10072,ELE-PLS13 ,0,2018,16,12,0,0,0,2F-1
1154,10073,CIV-PLS13 ,0,2018,11,11,0,17,29,3F-1
1155,10074,ELE-PLS13 ,0,2018,11,19,0,0,21,
1156,10075,ELE-PLS13 ,0,2018,16,15,0,0,0,"1F-1,2F-1,3F-1"
1157,10076,ELE-PLS13 ,0,0,6,5,0,0,0,
1158,10077,ELE-PLS13 ,0,2018,11,23,0,0,0,1F-1
1159,10078,CIV-PLS13 ,0,0,17,7,0,0,0,
1160,10079,CIV-PLS13 ,0,2018,10,5,0,28,0,3F-1
1161,10080,IND-PLS13 ,0,2018,16,14,0,0,0,"1F-1,2F-1"
1162,10081,ELE-PLS13 ,1,2018,15,24,0,50,0,2F-5
1163,10082,IND-PLS13 ,1,2018,12,23,0,0,0,1F-4
1164,10083,ELE-PLS13 ,0,2018,13,0,0,0,0,3F-1
1165,10084,ELE-PLS13 ,0,0,0,0,0,0,0,
1166,10085,ELE-PLS13 ,1,2018,16,23,0,0,0,1F-2
1167,10086,CIV-PLS13 ,1,2018,9,15,0,46,0,2F-3
1168,10087,ELE-PLS13 ,0,2018,9,7,0,34,0,"2F-1,3F-1"
1169,10088,IND-PLS13 ,1,2018,0,0,0,0,0,1F-2
1170,10089,ELE-PLS13 ,0,0,0,0,0,0,0,
1171,10090,CIV-PLS13 ,1,2018,17,20,0,0,0,1F-4
1172,10091,ELE-PLS13 ,1,2018,13,10,0,39,0,2F-2
1173,10092,IND-PLS13 ,0,2018,7,15,0,34,0,"2F-1,3F-1"
1174,10093,MCT-PLS13 ,1,2018,9,15,0,38,0,2F-2
1175,10094,CIV-PLS13 ,0,0,9,14,0,17,17,
1176,10095,MCT-PLS13 ,0,0,6,0,0,0,0,
1177,10096,ELE-PLS13 ,1,2018,15,17,0,0,0,"1F-1,2F-2"
1178,10097,CIV-PLS13 ,1,2018,9,27,0,0,0,1F-4
1179,10098,MCT-PLS13 ,1,2018,13,18,0,52,0,2F-4
1180,10099,IND-PLS13 ,1,2018,16,12,0,0,0,1F-2
1181,10100,IND-PLS13 ,0,0,6,12,0,0,20,
1182,10101,MCT-PLS13 ,0,0,10,5,0,8,18,
1183,10102,MCT-PLS13 ,0,0,8,4,0,0,0,
1184,10103,CIV-PLS13 ,1,2018,14,25,0,0,0,1F-3
1185,10104,CIV-PLS13 ,1,2018,21,17,0,0,0,1F-4
1186,10105,IND-PLS13 ,1,2018,14,20,0,0,0,1F-2
1187,10106,CIV-PLS13 ,0,0,10,12,0,22,14,
1188,10107,CIV-PLS13 ,0,0,10,12,0,2,0,
1189,10108,ELE-PLS13 ,1,2018,12,24,0,0,0,1F-2
1190,10109,CIV-PLS13 ,0,2018,13,20,0,0,0,3F-1
1191,10110,IND-PLS13 ,1,2018,16,10,0,46,0,2F-5
1192,10111,CIV-PLS13 ,1,2018,15,14,0,0,0,1F-2
1193,10112,CIV-PLS13 ,0,0,0,0,0,0,0,
1194,10113,ELE-PLS13 ,0,2018,10,9,0,44,0,"2F-1,3F-1"
1195,10114,CIV-PLS13 ,1,2018,14,23,0,0,0,1F-3
1196,10115,ELE-PLS13 ,1,2018,15,22,0,0,0,1F-2
1197,10116,ELE-PLS13 ,0,0,3,0,0,0,0,
1198,10117,MEC-PLS13 ,0,2018,13,22,0,24,32,3F-1
1199,10118,CIV-PLS13 ,0,0,8,0,0,0,0,
1200,10119,MCT-PLS13 ,1,2018,16,20,0,25,0,2F-3
1201,10120,MCT-PLS13 ,0,0,11,4,0,26,0,
1202,10121,CIV-PLS13 ,0,0,11,6,0,0,0,
1203,10122,CIV-PLS13 ,0,0,13,10,0,17,16,
1204,10123,MCT-PLS13 ,1,2018,12,17,0,44,0,2F-3
1205,10124,MCT-PLS13 ,0,0,9,6,0,0,0,
1206,10125,IND-PLS13 ,0,0,10,0,0,0,0,
1207,10126,MCT-PLS13 ,0,0,8,2,0,0,0,
1208,10127,ELE-PLS13 ,0,0,9,1,0,0,0,
1209,10128,MCT-PLS13 ,0,0,0,0,0,0,0,
1210,10129,MCT-PLS13 ,0,0,9,0,0,0,0,
1211,10130,CIV-PLS13 ,1,2018,7,15,0,38,0,2F-3
1212,10131,IND-PLS13 ,0,2018,11,11,0,44,0,"2F-1,3F-1"
1213,10132,MCT-PLS13 ,1,2018,17,17,0,38,0,2F-2
1214,10133,CIV-PLS13 ,1,2018,10,15,0,48,0,2F-3
1215,10134,IND-PLS13 ,0,0,0,0,0,0,0,
1216,10135,MEC-PLS13 ,0,0,14,10,0,20,13,
1217,10136,ELE-PLS13 ,0,0,9,0,0,0,0,
1218,10137,ELE-PLS13 ,1,2018,18,26,0,0,0,1F-4
1219,10138,CIV-PLS13 ,0,2018,7,24,0,0,0,"2F-1,3F-1"
1220,10139,ELE-PLS13 ,0,2018,13,9,0,40,0,"2F-1,3F-1"
1221,10140,ELE-PLS13 ,0,2018,15,10,0,0,38,3F-1
1222,10141,ELE-PLS13 ,0,0,15,9,0,25,0,
1223,10142,MCT-PLS13 ,0,0,7,4,0,0,0,
1224,10143,CIV-PLS13 ,0,0,11,4,0,20,0,
1225,10144,CIV-PLS13 ,1,2018,15,22,0,0,0,1F-3
1226,10145,ELE-PLS13 ,0,0,2,0,0,0,0,
1227,10146,IND-PLS13 ,0,2018,12,11,0,36,0,"2F-1,3F-1"
1228,10147,CIV-PLS13 ,1,2018,15,14,0,0,0,"1F-1,2F-2"
1229,10148,MCT-PLS13 ,0,0,9,3,0,0,0,
1230,10149,ELE-PLS13 ,1,2018,11,8,0,40,0,2F-2
1231,10150,ELE-PLS13 ,0,2018,13,18,0,0,0,
1232,10151,MCT-PLS13 ,0,0,4,6,0,0,0,
1233,10152,MCT-PLS13 ,0,0,10,15,0,24,18,
1234,10153,MEC-PLS13 ,1,2018,8,0,0,0,0,1F-2
1235,10154,CIV-PLS13 ,1,2018,11,6,0,44,0,2F-3
1236,10155,CIV-PLS13 ,1,2018,15,21,0,0,0,1F-4
1237,10156,ELE-PLS13 ,0,0,0,0,0,0,0,
1238,10157,IND-PLS13 ,0,0,5,0,0,0,0,
1239,10158,CIV-PLS13 ,1,2018,13,18,0,0,0,1F-2
1240,10159,ELE-PLS13 ,0,2018,17,14,0,26,32,3F-1
1241,10160,ELE-PLS13 ,0,0,8,2,0,0,0,
1242,10161,CIV-PLS13 ,0,2018,9,7,0,0,35,
1243,10162,MCT-PLS13 ,0,0,13,10,0,14,26,
1244,10163,CIV-PLS13 ,0,0,0,0,0,0,0,
1245,10164,CIV-PLS13 ,0,0,7,8,0,0,28,
1246,10165,ELE-PLS13 ,1,2018,8,22,0,30,43,3F-3
1247,10166,CIV-PLS13 ,1,2018,13,18,0,48,0,2F-5
1248,10167,ELE-PLS13 ,1,2018,18,20,0,46,0,2F-4
1249,10168,MEC-PLS13 ,0,2018,10,16,0,0,32,
1250,10169,ELE-PLS13 ,0,2018,17,13,0,32,30,
1251,10170,IND-PLS13 ,1,2018,14,22,0,0,0,1F-4
1252,10171,ELE-PLS13 ,0,2018,14,6,0,22,32,
1253,10172,ELE-PLS13 ,0,0,12,11,0,0,0,
1254,10173,MCT-PLS13 ,0,0,4,0,0,0,0,
1255,10174,CIV-PLS13 ,0,0,12,14,0,20,23,
1256,10175,CIV-PLS13 ,0,0,10,11,0,20,25,
1257,10176,CIV-PLS13 ,0,2018,12,18,0,0,0,1F-1
1258,10177,ELE-PLS13 ,1,2018,16,11,0,44,0,2F-4
1259,10178,MCT-PLS13 ,1,2018,16,20,0,0,0,1F-4
1260,10179,CIV-PLS13 ,0,2018,8,10,0,36,0,3F-1
1261,10180,MCT-PLS13 ,0,0,0,0,0,0,0,
1262,10181,CIV-PLS13 ,1,2018,12,20,0,0,0,1F-2
1263,10182,ELE-PLS13 ,0,2018,15,17,0,0,34,3F-1
1264,10183,CIV-PLS13 ,1,2018,11,12,0,54,0,2F-5
1265,10184,MCT-PLS13 ,1,2018,14,24,0,0,0,1F-2
1266,10185,ELE-PLS13 ,1,2018,7,12,0,44,0,2F-4
1267,10186,CIV-PLS13 ,0,0,8,0,0,0,0,
1268,10187,ELE-PLS13 ,0,2018,8,8,0,31,0,"2F-1,3F-1"
1269,10188,MCT-PLS13 ,0,0,14,13,0,22,24,
1270,10189,CIV-PLS13 ,0,0,7,1,0,0,0,
1271,10190,CIV-PLS13 ,1,2018,19,13,0,48,0,2F-5
1272,10191,CIV-PLS13 ,0,2018,14,11,0,32,0,
1273,10192,CIV-PLS13 ,0,0,8,2,0,0,0,
1274,10193,CIV-PLS13 ,0,2018,8,14,0,16,30,3F-1
1275,10194,IND-PLS13 ,0,0,6,9,0,20,22,
1276,10195,CIV-PLS13 ,1,2018,15,20,0,40,0,2F-3
1277,10196,MCT-PLS13 ,0,0,0,0,0,0,0,
1278,10197,CIV-PLS13 ,1,2018,16,21,0,42,0,2F-3
1279,10198,ELE-PLS13 ,0,0,4,0,0,0,0,
1280,10199,CIV-PLS13 ,0,0,5,7,0,0,0,
1281,10200,CIV-PLS13 ,0,0,11,8,0,0,13,
1282,10201,MEC-PLS13 ,1,2018,19,19,0,0,0,1F-2
1283,10202,ELE-PLS13 ,1,2018,17,21,0,52,0,2F-5
1284,10203,ELE-PLS13 ,0,0,9,8,0,10,20,
1285,10204,IND-PLS13 ,0,0,6,0,0,0,0,
1286,10205,ELE-PLS13 ,1,2018,10,12,0,34,0,2F-2
1287,10206,ELE-PLS13 ,0,2018,13,14,0,34,0,"2F-1,3F-1"
1288,10207,CIV-PLS13 ,0,2018,0,0,0,0,0,
1289,10208,MCT-PLS13 ,1,2018,13,17,0,42,0,2F-4
1290,10209,ELE-PLS13 ,1,2018,18,24,0,44,0,2F-3
1291,10210,ELE-PLS13 ,0,2018,15,13,0,0,0,"1F-1,2F-1,3F-1"
1292,10211,CIV-PLS13 ,0,2018,13,13,0,26,30,3F-1
1293,10212,ELE-PLS13 ,1,2018,18,15,0,0,0,"1F-1,2F-2"
1294,10213,IND-PLS13 ,0,2018,13,18,0,0,0,3F-1
1295,10214,ELE-PLS13 ,0,2018,15,14,0,38,0,2F-1
1296,10215,CIV-PLS13 ,0,0,9,7,0,0,16,
1297,10216,IND-PLS13 ,0,0,6,0,0,0,0,
1298,10217,MEC-PLS13 ,0,0,8,9,0,0,5,
1299,10218,CIV-PLS13 ,0,0,8,2,0,0,0,
1300,10219,CIV-PLS13 ,0,2018,11,11,0,28,30,3F-1
1301,10220,CIV-PLS13 ,0,0,4,0,0,0,0,
1302,10221,CIV-PLS13 ,1,2018,15,14,0,0,0,1F-3
1303,10222,MCT-PLS13 ,1,2018,16,26,0,0,0,1F-3
1304,10223,CIV-PLS13 ,0,2018,11,9,0,14,32,3F-1
1305,10224,MEC-PLS13 ,1,2018,13,13,0,0,0,"1F-1,2F-3"
1306,10225,MCT-PLS13 ,0,2018,14,14,0,27,0,2F-1
1307,10226,ELE-PLS13 ,1,2018,15,11,0,50,0,2F-4
1308,10227,CIV-PLS13 ,0,0,11,13,0,0,0,
1309,10228,CIV-PLS13 ,0,0,10,14,0,22,0,
1310,10229,IND-PLS13 ,1,2018,12,9,0,0,0,1F-3
1311,10230,ELE-PLS13 ,0,2018,10,15,0,28,0,"2F-1,3F-1"
1312,10231,ELE-PLS13 ,0,0,8,2,0,0,0,
1313,10232,CIV-PLS13 ,0,2018,14,6,0,30,0,
1314,10233,CIV-PLS13 ,0,2018,14,14,0,36,0,2F-1
1315,10234,ELE-PLS13 ,1,2018,9,13,0,54,0,2F-5
1316,10235,CIV-PLS13 ,1,2018,18,21,0,0,0,1F-5
1317,10236,ELE-PLS13 ,0,0,0,0,0,0,0,
1318,10237,ELE-PLS13 ,0,0,0,0,0,0,0,
1319,10238,CIV-PLS13 ,1,2018,12,19,0,0,0,1F-2
1320,10239,ELE-PLS13 ,1,2018,15,22,0,0,0,1F-4
1321,10240,CIV-PLS13 ,0,2018,10,10,0,34,0,"2F-1,3F-1"
1322,10241,ELE-PLS13 ,0,0,7,5,0,0,0,
1323,10242,CIV-PLS13 ,0,0,13,14,0,0,0,
1324,10243,CIV-PLS13 ,0,2018,14,6,0,23,27,3F-1
1325,10244,ELE-PLS13 ,0,0,4,6,0,0,0,
1326,10245,CIV-PLS13 ,0,0,11,0,0,0,0,
1327,10246,MCT-PLS13 ,0,2018,0,0,0,0,0,3F-1
1328,10422,ELE-PLS09 ,0,2018,17,9,0,33,0,3F-1
1329,10423,MEC-PLS09 ,0,0,0,0,0,0,0,
1330,10424,MEC-PLS09 ,1,2018,12,17,0,0,0,"1F-1,2F-2"
1331,10425,ELE-PLS09 ,1,2018,12,0,0,0,0,1F-2
1332,10426,MCT-PLS09 ,0,2018,19,7,0,0,0,
1333,10427,CIV-PLS09 ,0,0,8,0,0,0,0,
1334,10428,ELE-PLS09 ,0,0,2,8,0,0,0,
1335,10429,MEC-PLS09 ,0,0,7,0,0,0,0,
1336,10430,ELE-PLS09 ,0,0,10,14,0,0,10,
1337,10431,MEC-PLS09 ,0,0,13,4,0,0,0,
1338,10432,MEC-PLS09 ,1,2018,15,18,0,0,0,1F-2
1339,10433,MEC-PLS09 ,0,0,0,3,0,0,0,
1340,10434,ELE-PLS09 ,0,2018,7,17,0,20,0,2F-1
1341,10435,IND-PLS09 ,0,0,7,6,0,0,0,
1342,10436,ELE-PLS09 ,0,0,11,1,0,0,0,
1343,10437,ELE-PLS09 ,0,0,12,10,0,0,0,
1344,10438,CIV-PLS09 ,0,0,0,0,0,0,0,
1345,10439,CIV-PLS09 ,0,0,0,0,0,0,0,
1346,10440,ELE-PLS09 ,0,0,9,7,0,0,0,
1347,10441,MEC-PLS09 ,0,0,10,10,0,26,20,
1348,10442,MEC-PLS09 ,0,0,9,0,0,0,0,
1349,10443,CIV-PLS09 ,0,0,11,4,0,0,0,
1350,10444,MEC-PLS09 ,0,0,7,0,0,0,0,
1351,10445,CIV-PLS09 ,0,0,3,0,0,0,0,
1352,10446,IND-PLS09 ,0,2018,9,15,0,0,32,3F-1
1353,10447,MCT-PLS09 ,0,0,0,0,0,0,0,
1354,10448,CIV-PLS09 ,0,0,5,8,0,0,0,
1355,10449,ELE-PLS09 ,0,0,10,0,0,0,0,
1356,13569,ELE-PLS13 ,1,2018,0,0,0,0,0,1F-2
1357,13570,ELE-PLS13 ,0,2019,18,16,0,0,0,
1358,13571,MCT-PLS13 ,0,0,0,0,0,0,0,
1359,13572,IND-PLS13 ,0,0,11,16,0,25,0,
1360,13573,MCT-PLS13 ,1,2018,20,17,0,0,0,"1F-1,2F-3"
1361,13574,ELE-PLS13 ,0,0,17,12,0,30,0,
1362,13575,IND-PLS13 ,1,2019,19,30,0,0,0,1F-4
1363,13576,MCT-PLS13 ,1,2018,15,25,0,0,0,1F-4
1364,13577,ELE-PLS13 ,1,2018,18,20,0,0,0,"1F-1,2F-3"
1365,13578,ELE-PLS13 ,0,0,6,0,0,0,0,
1366,13579,IND-PLS13 ,0,0,10,13,0,4,0,
1367,13580,MCT-PLS13 ,1,2018,20,22,0,0,0,1F-3
1368,13581,MEC-PLS13 ,0,0,0,0,0,0,0,
1369,13582,CIV-PLS13 ,0,2018,0,0,0,0,0,
1370,13583,ELE-PLS13 ,0,0,12,7,0,0,0,
1371,13584,ELE-PLS13 ,0,0,15,11,0,18,0,
1372,13585,MCT-PLS13 ,0,0,0,0,0,0,0,
1373,13586,CIV-PLS13 ,0,2018,9,0,0,0,0,
1374,13587,MCT-PLS13 ,1,2018,16,18,0,31,0,2F-4
1375,13588,ELE-PLS13 ,1,2019,17,17,0,0,0,"1F-1,2F-4"
1376,13589,ELE-PLS13 ,1,2018,17,24,0,0,0,1F-2
1377,13590,ELE-PLS13 ,1,2018,19,21,0,0,0,"1F-1,2F-3"
1378,13591,MEC-PLS13 ,1,2018,13,0,0,0,0,1F-3
1379,13592,ELE-PLS13 ,1,2019,17,18,0,0,0,"1F-1,2F-2"
1380,13593,CIV-PLS13 ,1,2018,19,24,0,0,0,1F-4
1381,13594,MEC-PLS13 ,1,2019,19,16,0,0,0,1F-2
1382,13595,CIV-PLS13 ,1,2018,19,21,0,0,0,1F-3
1383,13596,ELE-PLS13 ,0,2018,18,12,0,0,0,1F-1
1384,13597,ELE-PLS13 ,0,2019,16,22,0,0,0,
1385,13598,MEC-PLS13 ,1,2018,18,21,0,0,0,1F-3
1386,13599,MEC-PLS13 ,1,2018,19,24,0,0,0,1F-2
1387,13600,ELE-PLS13 ,0,0,15,13,0,0,0,
1388,13601,IND-PLS13 ,0,0,14,10,0,16,0,
1389,13602,IND-PLS13 ,0,0,0,0,0,0,0,
1390,13603,IND-PLS13 ,0,0,11,12,0,11,0,
1391,13604,CIV-PLS13 ,0,0,0,9,0,0,0,
1392,13605,CIV-PLS13 ,1,2018,21,18,0,0,0,1F-3
1393,13606,MCT-PLS13 ,0,0,5,13,0,8,0,
1394,13607,IND-PLS13 ,1,2018,10,26,0,0,0,"1F-1,2F-2"
1395,13608,CIV-PLS13 ,0,2018,0,0,0,0,0,
1396,13609,ELE-PLS13 ,1,2019,17,27,0,0,0,2F-3
1397,13610,MCT-PLS13 ,1,2018,0,13,0,0,0,"1F-1,2F-2"
1398,13611,MCT-PLS13 ,0,0,13,9,0,14,0,
1399,13612,ELE-PLS13 ,1,2019,17,30,0,0,0,1F-5
1400,13613,MCT-PLS13 ,1,2018,20,23,0,0,0,1F-5
1401,13614,MEC-PLS13 ,1,2018,17,13,0,0,0,1F-2
1402,13615,ELE-PLS13 ,0,0,15,7,0,8,0,
1403,13616,MCT-PLS13 ,0,0,0,0,0,0,0,
1404,13617,ELE-PLS13 ,1,2019,16,30,0,0,0,1F-3
1405,13618,MCT-PLS13 ,0,0,0,0,0,0,0,
1406,13619,ELE-PLS13 ,0,2018,11,16,0,0,0,1F-1
1407,13620,CIV-PLS13 ,1,2018,19,25,0,0,0,1F-4
1408,13621,MEC-PLS13 ,1,2018,18,29,0,0,0,1F-3
1409,13622,CIV-PLS13 ,0,0,10,13,0,24,0,
1410,13623,CIV-PLS13 ,1,2018,18,24,0,0,0,1F-3
1411,13624,MEC-PLS13 ,0,2018,15,20,0,0,0,1F-1
1412,13625,CIV-PLS13 ,1,2018,18,25,0,0,0,1F-3
1413,13626,MEC-PLS13 ,1,2019,17,24,0,0,0,1F-3
1414,13627,MEC-PLS13 ,0,0,15,13,0,20,0,
1415,13628,ELE-PLS13 ,1,2018,0,0,0,0,0,1F-3
1416,13629,ELE-PLS13 ,0,0,10,8,0,13,0,
1417,13630,IND-PLS13 ,1,2019,18,17,0,0,0,"1F-1,2F-3"
1418,13631,MCT-PLS13 ,1,2019,17,24,0,0,0,"1F-1,2F-5"
1419,13632,CIV-PLS13 ,0,0,14,0,0,0,0,
1420,13633,CIV-PLS13 ,1,2019,15,18,0,0,0,1F-3
1421,13634,IND-PLS13 ,0,0,13,18,0,22,0,
1422,13635,CIV-PLS13 ,0,2018,21,0,0,0,0,2F-1
1423,13636,MEC-PLS13 ,0,0,7,19,0,30,0,
1424,13637,CIV-PLS13 ,1,2018,19,17,0,0,0,1F-2
1425,13638,ELE-PLS13 ,0,0,20,21,0,0,0,
1426,13639,ELE-PLS13 ,1,2018,17,0,0,0,0,1F-2
1427,13640,MEC-PLS13 ,0,0,0,0,0,0,0,
1428,13641,CIV-PLS13 ,1,2019,16,26,0,0,0,1F-2
1429,13642,CIV-PLS13 ,0,2018,11,14,0,0,0,"1F-1,2F-1"
1430,13643,CIV-PLS13 ,0,2019,12,22,0,36,0,
1431,13644,CIV-PLS13 ,1,2018,12,21,0,48,0,2F-5
1432,13645,CIV-PLS13 ,0,2018,0,0,0,0,0,1F-1
1433,13646,CIV-PLS13 ,1,2018,17,28,0,0,0,1F-4
1434,13647,CIV-PLS13 ,0,0,0,0,0,0,0,
1435,13648,IND-PLS13 ,1,2019,16,18,0,0,0,1F-2
1436,13649,MEC-PLS13 ,0,0,13,11,0,28,0,
1437,13650,CIV-PLS13 ,0,2019,20,20,0,0,0,1F-1
1438,13651,MEC-PLS13 ,0,0,16,14,0,12,0,
1439,13652,MCT-PLS13 ,0,0,10,24,0,0,0,
1440,13653,MCT-PLS13 ,1,2019,18,20,0,16,0,2F-3
1441,13654,IND-PLS13 ,1,2018,14,15,0,0,0,"1F-1,2F-3"
1442,13655,CIV-PLS13 ,1,2019,20,19,0,0,0,1F-2
1443,13656,MCT-PLS13 ,0,0,13,15,0,0,0,
1444,13657,MCT-PLS13 ,0,2019,12,15,0,32,0,2F-1
1445,13658,CIV-PLS13 ,0,0,0,0,0,0,0,
1446,13659,ELE-PLS13 ,1,2018,14,17,0,23,0,2F-3
1447,13660,MEC-PLS13 ,0,0,13,17,0,22,0,
1448,13661,IND-PLS13 ,1,2019,16,18,0,0,0,"1F-1,2F-3"
1449,13662,CIV-PLS13 ,1,2018,19,26,0,0,0,1F-3
1450,13663,IND-PLS13 ,0,2018,18,15,0,0,0,1F-1
1451,13664,CIV-PLS13 ,1,2019,21,21,0,0,0,1F-3
1452,13665,CIV-PLS13 ,1,2018,17,21,0,0,0,1F-2
1453,13666,ELE-PLS13 ,0,0,6,9,0,0,0,
1454,13667,CIV-PLS13 ,1,2019,13,13,0,34,0,2F-3
1455,13668,IND-PLS13 ,0,0,17,12,0,13,0,
1456,13669,ELE-PLS13 ,1,2019,22,20,0,0,0,1F-4
1457,13670,ELE-PLS13 ,0,0,13,10,0,0,0,
1458,13671,MCT-PLS13 ,0,0,9,6,0,4,0,
1459,13672,IND-PLS13 ,1,2018,16,23,0,0,0,1F-2
1460,13673,MEC-PLS13 ,1,2018,11,0,0,0,0,1F-3
1461,13674,CIV-PLS13 ,1,2019,15,24,0,0,0,1F-2
1462,13675,IND-PLS13 ,1,2018,19,23,0,0,0,1F-3
1463,13676,ELE-PLS13 ,0,0,9,11,0,12,0,
1464,13677,MCT-PLS13 ,1,2019,15,29,0,0,0,2F-4
1465,13678,IND-PLS13 ,1,2018,18,21,0,0,0,"1F-1,2F-2"
1466,13679,IND-PLS13 ,1,2019,20,23,0,0,0,1F-3
1467,13680,CIV-PLS13 ,1,2018,18,28,0,0,0,1F-4
1468,13681,CIV-PLS13 ,1,2018,16,28,0,0,0,1F-3
1469,13682,CIV-PLS13 ,0,0,0,0,0,0,0,
1470,13683,CIV-PLS13 ,1,2018,21,20,0,0,0,"1F-1,2F-3"
1471,13684,CIV-PLS13 ,0,0,10,12,0,12,0,
1472,13685,ELE-PLS13 ,0,0,0,0,0,0,0,
1473,13686,CIV-PLS13 ,1,2018,20,22,0,0,0,1F-3
1474,13687,MCT-PLS13 ,1,2019,19,28,0,0,0,2F-3
1475,13688,ELE-PLS13 ,0,2018,0,0,0,0,0,
1476,13689,ELE-PLS13 ,1,2018,18,18,0,0,0,"1F-1,2F-4"
1477,13690,CIV-PLS13 ,1,2018,17,24,0,0,0,1F-3
1478,13691,ELE-PLS13 ,1,2018,18,16,0,0,0,1F-2
1479,13692,ELE-PLS13 ,1,2019,18,28,0,0,0,1F-3
1480,13693,ELE-PLS13 ,1,2018,20,12,0,0,0,"1F-1,2F-3"
1481,13694,CIV-PLS13 ,0,0,0,0,0,0,0,
1482,13695,CIV-PLS13 ,0,2018,0,0,0,0,0,
1483,13696,IND-PLS13 ,0,2018,17,22,0,0,0,1F-1
1484,13697,ELE-PLS13 ,0,0,0,29,0,0,0,
1485,13698,ELE-PLS13 ,0,2018,21,11,0,0,0,1F-1
1486,13699,CIV-PLS13 ,0,0,3,3,0,0,0,
1487,13700,IND-PLS13 ,1,2018,18,0,0,0,0,2F-3
1488,13701,CIV-PLS13 ,0,2019,16,18,0,0,0,2F-1
1489,13702,IND-PLS13 ,0,0,17,12,0,22,0,
1490,13703,MCT-PLS13 ,1,2019,18,16,0,0,0,"1F-1,2F-2"
1491,13704,MCT-PLS13 ,0,0,9,14,0,0,0,
1492,13705,CIV-PLS13 ,0,0,16,13,0,14,0,
1493,13706,CIV-PLS13 ,0,2018,5,16,0,0,0,1F-1
1494,13707,ELE-PLS13 ,1,2018,19,29,0,0,0,1F-3
1495,13708,MEC-PLS13 ,1,2019,11,21,0,0,0,"1F-1,2F-3"
1496,13709,MCT-PLS13 ,0,0,15,14,0,13,0,
1497,13710,CIV-PLS13 ,0,0,13,7,0,0,0,
1498,13711,CIV-PLS13 ,1,2019,16,24,0,0,0,1F-2
1499,13712,MCT-PLS13 ,0,0,15,0,0,6,0,
1500,13713,ELE-PLS13 ,0,0,7,9,0,0,0,
1501,13714,ELE-PLS13 ,1,2019,14,10,0,38,0,2F-4
1502,13715,MCT-PLS13 ,0,0,11,13,0,16,0,
1503,13716,CIV-PLS13 ,0,2019,15,16,0,0,0,
1504,13717,IND-PLS13 ,0,2018,0,0,0,0,0,1F-1
1505,13718,IND-PLS13 ,1,2019,13,21,0,30,0,2F-4
1506,13719,ELE-PLS13 ,1,2019,16,18,0,0,0,"1F-1,2F-2"
1507,13720,ELE-PLS13 ,0,2019,14,10,0,32,0,2F-1
1508,13721,CIV-PLS13 ,1,2018,13,8,0,0,0,1F-2
1509,13722,ELE-PLS13 ,0,2018,10,13,0,0,0,1F-1
1510,13723,ELE-PLS13 ,0,2018,0,0,0,10,0,2F-1
1511,13724,ELE-PLS13 ,0,0,6,14,0,0,0,
1512,13725,MCT-PLS13 ,0,0,0,0,0,0,0,
1513,13726,CIV-PLS13 ,0,0,19,11,0,18,0,
1514,13727,ELE-PLS13 ,0,2019,17,16,0,22,0,2F-1
1515,13728,IND-PLS13 ,1,2018,15,20,0,0,0,1F-3
1516,13729,MCT-PLS13 ,0,2019,11,22,0,0,0,2F-1
1517,13730,ELE-PLS13 ,0,2018,0,12,0,0,0,
1518,13731,MCT-PLS13 ,0,2019,18,17,0,17,0,
1519,13732,IND-PLS13 ,0,0,6,0,0,0,0,
1520,13733,ELE-PLS13 ,1,2018,0,0,0,36,0,2F-5
1521,13734,CIV-PLS13 ,1,2018,17,22,0,0,0,1F-2
1522,13735,MCT-PLS13 ,0,2019,15,16,0,18,0,
1523,13736,CIV-PLS13 ,1,2019,16,21,0,0,0,1F-2
1524,13737,MEC-PLS13 ,1,2018,20,20,0,0,0,1F-2
1525,13738,ELE-PLS13 ,1,2018,20,28,0,0,0,1F-4
1526,13739,ELE-PLS13 ,1,2018,19,19,0,0,0,"1F-1,2F-4"
1527,13740,ELE-PLS13 ,0,2019,16,22,0,0,0,
1528,13741,CIV-PLS13 ,0,2019,16,19,0,0,0,"1F-1,2F-1"
1529,13742,CIV-PLS13 ,1,2019,16,27,0,0,0,"1F-1,2F-2"
1530,13743,CIV-PLS13 ,1,2018,17,22,0,0,0,"1F-1,2F-3"
1531,13744,CIV-PLS13 ,0,2018,14,21,0,0,0,1F-1
1532,13745,ELE-PLS13 ,1,2018,16,23,0,0,0,1F-4
1533,13746,CIV-PLS13 ,0,2019,16,13,0,0,0,"1F-1,2F-1"
1534,13747,ELE-PLS13 ,0,2018,12,14,0,0,0,1F-1
1535,13748,MCT-PLS13 ,1,2019,21,25,0,0,0,1F-4
1536,13749,CIV-PLS13 ,0,2019,10,20,0,0,0,1F-1
1537,13750,CIV-PLS13 ,0,2018,0,0,0,0,0,
1538,13751,CIV-PLS13 ,0,2019,20,19,0,0,0,"1F-1,2F-1"
1539,13752,CIV-PLS13 ,1,2018,16,19,0,0,0,1F-2
1540,13753,IND-PLS13 ,0,0,21,6,0,26,0,
1541,13754,ELE-PLS13 ,0,0,0,0,0,0,0,
1542,13755,CIV-PLS13 ,1,2019,17,20,0,0,0,"1F-1,2F-3"
1543,13756,ELE-PLS13 ,0,2018,0,0,0,0,0,
1544,13757,ELE-PLS13 ,1,2019,19,32,0,0,0,1F-4
1545,13758,CIV-PLS13 ,1,2018,17,24,0,0,0,1F-3
1546,13759,IND-PLS13 ,1,2018,10,24,0,20,0,2F-4
1547,13760,ELE-PLS13 ,1,2018,20,30,0,0,0,1F-4
1548,13761,CIV-PLS13 ,0,0,20,8,0,22,0,
1549,13762,MEC-PLS13 ,0,0,12,12,0,0,0,
1550,13763,CIV-PLS13 ,1,2019,18,18,0,0,0,"1F-1,2F-2"
1551,13764,CIV-PLS13 ,1,2018,23,20,0,0,0,1F-3
1552,13765,CIV-PLS13 ,1,2018,11,17,0,0,0,"1F-1,2F-2"
1553,13766,MCT-PLS13 ,1,2018,19,22,0,0,0,1F-4
1554,13767,CIV-PLS13 ,1,2019,18,15,0,0,0,2F-4
1555,13768,ELE-PLS13 ,1,2018,14,20,0,0,0,2F-4
1556,13769,CIV-PLS13 ,1,2018,21,25,0,0,0,1F-4
1557,13770,CIV-PLS13 ,0,2018,15,21,0,0,0,"1F-1,2F-1"
1558,13771,CIV-PLS13 ,1,2018,22,23,0,0,0,1F-3
1559,13772,ELE-PLS13 ,1,2019,22,27,0,0,0,1F-4
1560,13773,CIV-PLS13 ,0,2019,15,15,0,36,0,2F-1
1561,13774,CIV-PLS13 ,0,0,9,15,0,10,0,
1562,13775,CIV-PLS13 ,1,2018,15,31,0,0,0,1F-5
1563,13776,ELE-PLS13 ,0,0,0,0,0,0,0,
1564,13777,MCT-PLS13 ,1,2019,20,20,0,0,0,"1F-1,2F-2"
1565,17105,MCT-PLS13 ,0,0,0,0,0,0,0,
1566,17106,MCT-PLS13 ,0,0,6,0,0,0,0,
1567,17107,ELE-PLS13 ,0,2019,12,0,0,0,0,
1568,17108,ELE-PLS13 ,1,2019,16,30,9,0,0,1F-5
1569,17109,MCT-PLS13 ,0,0,15,0,3,0,0,
1570,17110,IND-PLS13 ,0,2019,16,25,5,0,0,1F-1
1571,17111,CIV-PLS13 ,0,0,11,9,5,0,0,
1572,17112,ELE-PLS13 ,1,2019,21,28,5,0,0,1F-4
1573,17113,MCT-PLS13 ,0,0,5,7,4,0,0,
1574,17114,ELE-PLS13 ,0,0,12,14,6,24,0,
1575,17115,ELE-PLS13 ,0,0,0,0,3,0,0,
1576,17116,ELE-PLS13 ,0,0,0,2,2,0,0,
1577,17117,IND-PLS13 ,0,0,12,5,2,16,0,
1578,17118,CIV-PLS13 ,1,2019,20,22,9,0,0,1F-4
1579,17119,MCT-PLS13 ,0,0,4,0,2,0,0,
1580,17120,MEC-PLS13 ,0,0,0,15,2,22,0,
1581,17121,IND-PLS13 ,0,2019,14,24,7,0,0,1F-1
1582,17122,CIV-PLS13 ,0,0,0,0,2,0,0,
1583,17123,ELE-PLS13 ,0,0,0,5,2,0,0,
1584,17124,MEC-PLS13 ,0,2019,10,20,5,0,0,1F-1
1585,17125,ELE-PLS13 ,0,2019,9,25,8,0,0,1F-1
1586,17126,MCT-PLS13 ,0,0,0,4,2,0,0,
1587,17127,ELE-PLS13 ,1,2019,17,27,9,0,0,1F-3
1588,17128,CIV-PLS13 ,0,0,3,19,2,26,0,
1589,17129,ELE-PLS13 ,1,2019,20,28,8,0,0,1F-4
1590,17130,ELE-PLS13 ,0,2019,9,0,0,0,0,1F-1
1591,17131,IND-PLS13 ,0,0,10,17,4,16,0,
1592,17132,ELE-PLS13 ,0,0,12,9,4,16,0,
1593,17133,CIV-PLS13 ,0,0,12,16,5,12,0,
1594,17134,ELE-PLS13 ,0,2019,18,15,2,0,0,1F-1
1595,17135,IND-PLS13 ,0,0,9,10,3,15,0,
1596,17136,IND-PLS13 ,0,0,6,13,5,22,0,
1597,17137,ELE-PLS13 ,0,0,0,0,2,0,0,
1598,17138,MEC-PLS13 ,0,2019,8,24,4,0,0,1F-1
1599,17139,IND-PLS13 ,0,2019,11,23,5,0,0,1F-1
1600,17140,CIV-PLS13 ,0,0,0,0,2,0,0,
1601,17141,ELE-PLS13 ,0,2019,13,9,8,27,0,
1602,17142,MCT-PLS13 ,0,2019,5,17,5,30,0,
1603,17143,ELE-PLS13 ,0,0,12,16,3,18,0,
1604,17144,ELE-PLS13 ,0,2019,14,17,5,0,0,1F-1
1605,17145,MCT-PLS13 ,0,2019,8,22,6,0,0,1F-1
1606,17146,CIV-PLS13 ,0,2019,11,27,3,0,0,1F-1
1607,17147,MCT-PLS13 ,0,0,7,2,4,0,0,
1608,17148,MCT-PLS13 ,0,0,0,0,0,0,0,
1609,17149,ELE-PLS13 ,0,2019,6,20,8,28,0,
1610,17150,IND-PLS13 ,0,0,3,16,2,12,0,
1611,17151,CIV-PLS13 ,0,2019,11,22,6,0,0,1F-1
1612,17152,CIV-PLS13 ,0,0,13,13,5,16,0,
1613,17153,MEC-PLS13 ,0,2019,11,22,7,0,0,1F-1
1614,17154,MCT-PLS13 ,0,0,12,0,1,0,0,
1615,17155,CIV-PLS13 ,1,2019,19,17,5,0,0,1F-3
1616,17156,MEC-PLS13 ,1,2019,14,17,4,0,0,1F-2
1617,17157,ELE-PLS13 ,0,2019,12,22,5,0,0,1F-1
1618,17158,ELE-PLS13 ,0,0,4,12,3,8,0,
1619,17159,CIV-PLS13 ,0,0,6,0,4,0,0,
1620,17160,CIV-PLS13 ,0,2019,10,15,6,32,0,
1621,17161,ELE-PLS13 ,0,2019,12,14,5,30,0,
1622,17162,MCT-PLS13 ,0,0,10,5,2,6,0,
1623,17163,MCT-PLS13 ,1,2019,20,22,6,0,0,1F-3
1624,17164,CIV-PLS13 ,0,2019,12,11,5,38,0,
1625,17165,CIV-PLS13 ,0,2019,8,16,6,29,0,
1626,17166,IND-PLS13 ,1,2019,16,25,6,0,0,1F-3
1627,17167,ELE-PLS13 ,0,0,9,11,5,14,0,
1628,17168,MEC-PLS13 ,1,2019,17,24,8,0,0,1F-3
1629,17169,ELE-PLS13 ,0,0,14,11,4,16,0,
1630,17170,ELE-PLS13 ,0,0,0,0,0,0,0,
1631,17171,ELE-PLS13 ,1,2019,14,29,7,0,0,1F-3
1632,17172,MEC-PLS13 ,0,0,0,0,0,0,0,
1633,17173,IND-PLS13 ,0,0,14,7,4,6,0,
1634,17174,ELE-PLS13 ,0,0,15,12,7,20,0,
1635,17175,CIV-PLS13 ,0,2019,15,17,8,0,0,1F-1
1636,17176,MEC-PLS13 ,0,0,0,0,0,0,0,
1637,17177,CIV-PLS13 ,0,0,11,20,3,22,0,
1638,17178,CIV-PLS13 ,1,2019,19,24,0,0,0,1F-2
1639,17179,ELE-PLS13 ,0,2019,16,19,5,0,0,1F-1
1640,17180,ELE-PLS13 ,0,2019,12,25,5,0,0,1F-1
1641,17181,MEC-PLS13 ,1,2019,19,27,8,0,0,1F-4
1642,17182,CIV-PLS13 ,0,0,17,10,5,26,0,
1643,17183,CIV-PLS13 ,0,2019,11,19,5,22,0,
1644,17184,CIV-PLS13 ,0,0,8,11,4,20,0,
1645,17185,CIV-PLS13 ,0,0,0,0,0,0,0,
1646,17186,MEC-PLS13 ,0,0,12,5,6,14,0,
1647,17187,CIV-PLS13 ,1,2019,22,25,9,0,0,1F-5
1648,17188,CIV-PLS13 ,1,2019,16,28,9,0,0,1F-4
1649,17189,CIV-PLS13 ,1,2019,11,0,0,0,0,1F-3
1650,17190,CIV-PLS13 ,0,2019,16,25,5,0,0,1F-1
1651,17191,CIV-PLS13 ,1,2019,11,0,0,0,0,1F-2
1652,17192,IND-PLS13 ,0,0,9,15,5,24,0,
1653,17193,IND-PLS13 ,1,2019,16,25,7,0,0,1F-3
1654,17194,IND-PLS13 ,0,0,8,20,4,18,0,
1655,17195,MEC-PLS13 ,1,2019,19,24,7,0,0,1F-2
1656,17196,MCT-PLS13 ,0,2019,9,21,3,34,0,
1657,17197,ELE-PLS13 ,1,2019,21,29,4,0,0,1F-5
1658,17198,ELE-PLS13 ,0,0,11,17,2,0,0,
1659,17199,CIV-PLS13 ,0,2019,13,27,2,0,0,1F-1
1660,17200,CIV-PLS13 ,0,0,8,12,4,24,0,
1661,17201,MCT-PLS13 ,0,2019,10,18,7,0,0,
1662,17202,CIV-PLS13 ,0,2019,13,26,7,0,0,1F-1
1663,17203,IND-PLS13 ,1,2019,17,22,7,0,0,1F-2
1664,17204,MCT-PLS13 ,0,2019,13,0,0,0,0,1F-1
1665,17205,IND-PLS13 ,0,0,0,0,0,0,0,
1666,17206,CIV-PLS13 ,1,2019,21,28,9,0,0,1F-5
1667,17207,CIV-PLS13 ,0,2019,9,16,8,36,0,
1668,17208,CIV-PLS13 ,0,2019,17,19,7,0,0,1F-1
1669,17209,CIV-PLS13 ,1,2019,17,28,7,0,0,1F-4
1670,17210,CIV-PLS13 ,0,0,13,10,5,20,0,
1671,17211,CIV-PLS13 ,0,2019,15,18,6,0,0,1F-1
1672,17212,MEC-PLS13 ,0,0,11,20,3,22,0,
1673,17213,MCT-PLS13 ,0,0,12,11,4,10,0,
1674,17214,ELE-PLS13 ,1,2019,18,29,8,0,0,1F-5
1675,17215,ELE-PLS13 ,0,0,15,13,3,20,0,
1676,17216,CIV-PLS13 ,0,2019,10,13,10,26,0,
1677,17217,IND-PLS13 ,0,2019,14,21,7,0,0,1F-1
1678,17218,IND-PLS13 ,0,2019,16,12,6,29,0,
1679,17219,ELE-PLS13 ,0,0,12,11,5,18,0,
1680,17220,CIV-PLS13 ,0,0,2,0,5,0,0,
1681,17221,CIV-PLS13 ,1,2019,17,25,8,0,0,1F-3
1682,17222,CIV-PLS13 ,0,0,0,0,3,0,0,
1683,17223,ELE-PLS13 ,0,2019,18,16,8,0,0,1F-1
1684,17224,MCT-PLS13 ,1,2019,22,33,6,0,0,1F-5
1685,17225,CIV-PLS13 ,0,0,13,7,4,16,0,
1686,17226,CIV-PLS13 ,1,2019,17,17,0,0,0,1F-3
1687,17227,MCT-PLS13 ,0,0,7,16,2,22,0,
1688,17228,ELE-PLS13 ,0,0,5,0,2,0,0,
1689,17229,ELE-PLS13 ,0,0,9,3,3,0,0,
1690,17230,MCT-PLS13 ,1,2019,17,22,10,0,0,1F-5
1691,17231,CIV-PLS13 ,1,2019,19,30,8,0,0,1F-4
1692,17232,CIV-PLS13 ,0,2019,15,15,2,50,0,
1693,17233,CIV-PLS13 ,0,2019,13,20,8,0,0,1F-1
1694,17234,IND-PLS13 ,0,2019,15,17,5,0,0,1F-1
1695,17235,CIV-PLS13 ,0,2019,13,22,7,20,0,
1696,17236,CIV-PLS13 ,0,0,11,15,4,22,0,
1697,17237,ELE-PLS13 ,0,2019,10,23,8,26,0,
1698,17238,CIV-PLS13 ,1,2019,20,20,7,0,0,1F-3
1699,17239,ELE-PLS13 ,0,0,9,0,3,0,0,
1700,17240,MCT-PLS13 ,0,2019,16,23,6,0,0,1F-1
1701,17241,MCT-PLS13 ,0,2019,12,19,8,34,0,
1702,17242,CIV-PLS13 ,0,2019,15,9,4,32,0,
1703,17243,MCT-PLS13 ,1,2019,17,31,9,0,0,1F-5
1704,17244,CIV-PLS13 ,0,0,15,10,6,22,0,
1705,17245,CIV-PLS13 ,0,2019,16,24,7,0,0,1F-1
1706,17246,CIV-PLS13 ,0,2019,15,21,7,0,0,1F-1
1707,17247,ELE-PLS13 ,0,0,0,0,0,0,0,
1708,17248,ELE-PLS13 ,1,2019,22,30,8,0,0,1F-5
1709,17249,ELE-PLS13 ,0,0,11,14,4,20,0,
1710,17250,CIV-PLS13 ,0,2019,14,16,6,0,0,1F-1
1711,17251,CIV-PLS13 ,0,0,12,8,8,6,0,
1712,17252,CIV-PLS13 ,0,0,17,13,3,0,0,
1713,17253,CIV-PLS13 ,0,0,7,9,4,0,0,
1714,17254,CIV-PLS13 ,0,0,0,0,0,0,0,
1715,17255,ELE-PLS13 ,0,2019,13,22,5,18,0,
1716,17256,MCT-PLS13 ,1,2019,19,20,5,0,0,1F-3
1717,17257,ELE-PLS13 ,0,2019,7,19,6,32,0,
1718,17258,CIV-PLS13 ,0,0,0,0,4,0,0,
1719,17259,MEC-PLS13 ,1,2019,24,30,9,0,0,1F-5
1720,17260,MCT-PLS13 ,0,0,0,0,0,0,0,
1721,17261,CIV-PLS13 ,0,0,10,13,3,16,0,
1722,17262,IND-PLS13 ,0,0,12,18,4,18,0,
1723,17263,CIV-PLS13 ,0,0,9,3,2,0,0,
1724,17264,MCT-PLS13 ,0,2019,10,22,6,0,0,1F-1
1725,17265,MCT-PLS13 ,0,0,0,0,2,0,0,
1726,17266,ELE-PLS13 ,0,2019,18,19,6,0,0,1F-1
1727,17267,IND-PLS13 ,0,2019,14,21,8,0,0,1F-1
1728,17268,ELE-PLS13 ,0,0,10,14,6,16,0,
1729,17269,ELE-PLS13 ,0,0,16,14,4,0,0,
1730,17270,IND-PLS13 ,0,0,4,4,5,0,0,
1731,17271,MCT-PLS13 ,0,0,10,8,6,20,0,
1732,17272,CIV-PLS13 ,0,2019,13,22,9,0,0,1F-1
1733,17273,CIV-PLS13 ,0,2019,15,18,7,0,0,1F-1
1734,17274,CIV-PLS13 ,1,2019,13,30,7,0,0,1F-3
1735,17275,ELE-PLS13 ,0,0,6,0,5,0,0,
1736,17276,CIV-PLS13 ,0,0,13,13,7,16,0,
1737,17277,CIV-PLS13 ,1,2019,14,27,7,0,0,1F-3
1738,17278,ELE-PLS13 ,0,0,12,13,6,8,0,
1739,17279,ELE-PLS13 ,0,2019,11,23,7,0,0,1F-1
1740,17280,ELE-PLS13 ,1,2019,16,27,3,0,0,1F-3
1741,17281,ELE-PLS13 ,0,0,12,10,6,20,0,
1742,17282,ELE-PLS13 ,0,0,7,11,6,16,0,
1743,17283,CIV-PLS13 ,0,2019,14,22,8,0,0,1F-1
1744,17284,ELE-PLS13 ,0,2019,6,21,4,32,0,
1745,17285,CIV-PLS13 ,0,0,9,10,4,26,0,
1746,17286,ELE-PLS13 ,0,0,5,10,4,20,0,
1747,17287,CIV-PLS13 ,0,0,4,6,2,0,0,
1748,17288,CIV-PLS13 ,0,0,12,18,4,20,0,
1749,17289,CIV-PLS13 ,1,2019,19,21,9,0,0,1F-3
1750,17290,MCT-PLS13 ,1,2019,13,16,6,0,0,1F-2
1751,17291,ELE-PLS13 ,1,2019,14,28,8,0,0,1F-2
1752,17292,CIV-PLS13 ,0,2019,8,0,0,0,0,1F-1
1753,17293,IND-PLS13 ,0,0,0,0,3,0,0,
1754,17294,CIV-PLS13 ,0,2019,12,17,6,0,0,1F-1
1755,17295,CIV-PLS13 ,0,2019,18,9,8,6,0,
1756,17296,MCT-PLS13 ,0,0,11,7,3,18,0,
1757,17297,CIV-PLS13 ,0,0,17,14,3,28,0,
1758,17298,CIV-PLS13 ,0,0,13,15,6,16,0,
1759,17299,CIV-PLS13 ,0,0,13,14,6,18,0,
1760,17300,CIV-PLS13 ,1,2019,18,25,6,0,0,1F-3
1761,17301,ELE-PLS13 ,0,0,5,12,7,14,0,
1762,17302,CIV-PLS13 ,0,2019,19,24,6,0,0,1F-1
1763,17303,ELE-PLS13 ,0,0,0,0,3,0,0,
1764,17304,ELE-PLS13 ,0,2019,8,26,2,0,0,1F-1
1765,17305,ELE-PLS13 ,0,2019,10,20,8,0,0,1F-1
1766,17306,CIV-PLS13 ,1,2019,18,23,8,0,0,1F-3
1767,17307,CIV-PLS13 ,0,0,8,21,5,24,0,
1768,17308,CIV-PLS13 ,0,0,13,10,6,0,0,
1769,17309,MCT-PLS13 ,0,2019,11,24,5,26,0,
1770,17310,CIV-PLS13 ,0,0,9,0,2,0,0,
1771,17311,ELE-PLS13 ,0,0,7,16,5,18,0,
1772,17312,MCT-PLS13 ,0,2019,17,21,5,0,0,1F-1
1773,17313,IND-PLS13 ,0,2019,9,27,3,0,0,
1774,17314,CIV-PLS13 ,1,2019,17,18,8,0,0,1F-2
1775,17315,MCT-PLS13 ,0,0,11,14,6,14,0,
1776,17316,MCT-PLS13 ,0,0,7,8,2,0,0,
1777,17317,CIV-PLS13 ,0,0,10,10,4,8,0,
1778,17318,MCT-PLS13 ,1,2019,13,31,8,0,0,1F-4
1779,17319,CIV-PLS13 ,0,2019,0,0,0,0,0,
1780,17320,IND-PLS13 ,0,0,15,8,2,0,0,
1781,17321,MCT-PLS13 ,0,0,0,0,1,0,0,
1782,17322,CIV-PLS13 ,0,0,12,9,4,26,0,
1783,17323,IND-PLS13 ,0,0,11,12,2,16,0,
1784,17324,ELE-PLS13 ,1,2019,17,31,8,0,0,1F-5
1785,17325,CIV-PLS13 ,0,2019,14,26,7,0,0,1F-1
1786,17326,ELE-PLS13 ,0,2019,0,0,0,0,0,1F-1
1787,17327,MCT-PLS13 ,0,0,12,0,3,0,0,
1788,17328,ELE-PLS13 ,0,2019,13,20,4,0,0,1F-1
1789,17329,ELE-PLS13 ,0,2019,10,27,6,0,0,1F-1
1790,17330,ELE-PLS13 ,0,2019,6,24,5,0,0,1F-1
1791,17331,CIV-PLS13 ,0,2019,16,19,6,12,0,
1792,17332,MCT-PLS13 ,0,0,7,0,1,0,0,
1793,17333,CIV-PLS13 ,0,0,5,0,5,0,0,
1794,17334,ELE-PLS13 ,1,2019,20,23,0,0,0,1F-3
1795,17335,MCT-PLS13 ,0,2019,5,0,0,0,0,
1796,17336,CIV-PLS13 ,0,2019,13,15,3,32,0,
1797,17337,ELE-PLS13 ,0,2019,18,23,4,0,0,1F-1
1798,17338,ELE-PLS13 ,0,0,8,0,3,0,0,
1799,17339,MCT-PLS13 ,0,2019,12,14,0,0,0,
1800,17340,CIV-PLS13 ,0,0,8,12,3,28,0,
1801,17341,CIV-PLS13 ,0,2019,15,18,10,24,0,
1802,17342,CIV-PLS13 ,0,2019,15,16,6,0,0,1F-1
1803,17343,IND-PLS13 ,0,0,10,1,2,0,0,
1804,17344,ELE-PLS13 ,0,2019,16,14,5,0,0,1F-1
1805,17345,MCT-PLS13 ,0,2019,9,0,0,20,0,
1806,17346,MCT-PLS13 ,1,2019,18,29,8,0,0,1F-5
1807,17347,CIV-PLS13 ,0,2019,12,9,8,30,0,
1808,17348,CIV-PLS13 ,0,0,0,0,4,0,0,
1809,17349,ELE-PLS13 ,1,2019,19,29,7,0,0,1F-4
1810,17350,CIV-PLS13 ,0,0,4,2,4,0,0,
1811,17351,ELE-PLS13 ,1,2019,18,29,9,0,0,1F-3
1812,17352,ELE-PLS13 ,0,2019,0,0,0,0,0,1F-1
1813,17353,CIV-PLS13 ,0,2019,0,0,0,0,0,
1814,17354,MEC-PLS13 ,0,0,11,4,3,12,0,
1815,17355,MCT-PLS13 ,0,2019,9,25,6,0,0,1F-1
1816,17356,CIV-PLS13 ,0,0,9,23,2,0,0,
1817,17357,CIV-PLS13 ,0,0,13,11,4,24,0,
1818,17358,MCT-PLS13 ,0,2019,16,23,5,0,0,1F-1
1819,17359,ELE-PLS13 ,1,2019,16,26,8,0,0,1F-4
1820,17360,ELE-PLS13 ,0,0,10,15,5,0,0,
1821,17361,ELE-PLS13 ,0,0,11,14,4,0,0,
1822,17362,MCT-PLS13 ,0,2019,12,24,4,0,0,1F-1
1823,17363,CIV-PLS13 ,1,2019,17,29,0,0,0,1F-4
1824,17364,CIV-PLS13 ,0,0,14,13,4,10,0,
1825,17365,ELE-PLS13 ,0,0,13,12,2,22,0,
1826,17366,IND-PLS13 ,0,2019,14,14,5,32,0,
1827,17367,ELE-PLS13 ,1,2019,18,23,6,0,0,1F-3
1828,17368,MCT-PLS13 ,0,0,7,0,8,0,0,
1829,17369,ELE-PLS13 ,0,0,10,1,7,0,0,
1830,17370,ELE-PLS13 ,0,2019,12,22,4,0,0,1F-1
1831,17371,ELE-PLS13 ,0,2019,11,23,8,0,0,1F-1
1832,17372,CIV-PLS13 ,0,2019,5,0,0,0,0,1F-1
1833,17373,CIV-PLS13 ,1,2019,20,21,7,0,0,1F-3
1834,17374,ELE-PLS13 ,0,2019,14,19,6,0,0,1F-1
1835,17375,CIV-PLS13 ,0,0,12,11,4,14,0,
1836,17376,CIV-PLS13 ,1,2019,14,28,0,0,0,1F-2
1837,17377,ELE-PLS13 ,0,2019,10,28,5,0,0,1F-1
1838,17378,IND-PLS13 ,0,0,10,10,4,10,0,
1839,17379,IND-PLS13 ,0,2019,11,20,6,0,0,1F-1
1840,17380,ELE-PLS13 ,0,0,4,0,1,0,0,
1841,17381,MCT-PLS13 ,0,0,6,0,2,0,0,
1842,17382,ELE-PLS13 ,0,0,0,0,0,0,0,
1843,17383,ELE-PLS13 ,0,2019,11,20,8,0,0,1F-1
1844,17384,MCT-PLS13 ,0,0,13,16,4,18,0,
1845,17385,ELE-PLS13 ,0,2019,21,31,8,0,0,
1846,17386,ELE-PLS13 ,0,0,6,0,4,0,0,
1847,17387,MCT-PLS13 ,0,0,2,0,2,0,0,
1848,17388,CIV-PLS13 ,0,0,9,9,7,24,0,
1849,17389,CIV-PLS13 ,0,2019,12,19,8,0,0,1F-1
1850,17390,ELE-PLS13 ,0,2019,16,30,6,0,0,1F-1
1851,17391,CIV-PLS13 ,0,0,3,10,2,0,0,
1852,17392,IND-PLS13 ,0,0,9,0,4,0,0,
1853,17393,CIV-PLS13 ,1,2019,20,28,2,0,0,1F-3
1854,17394,CIV-PLS13 ,0,2019,13,5,8,27,0,
1855,17395,MCT-PLS13 ,1,2019,18,28,8,0,0,1F-4
1856,17396,CIV-PLS13 ,0,0,11,13,4,16,0,
1857,17397,MCT-PLS13 ,0,0,6,16,2,24,0,
1858,17398,CIV-PLS13 ,1,2019,15,25,5,0,0,1F-2
1859,17399,CIV-PLS13 ,0,2019,14,17,6,0,0,1F-1
1860,17400,CIV-PLS13 ,0,0,10,11,5,18,0,
1861,17401,CIV-PLS13 ,0,2019,14,19,4,0,0,1F-1
1862,17402,MCT-PLS13 ,0,2019,14,21,4,0,0,1F-1
1863,17403,CIV-PLS13 ,1,2019,19,28,8,0,0,1F-4
1864,17404,CIV-PLS13 ,0,2019,12,20,6,0,0,1F-1
1865,17405,CIV-PLS13 ,1,2019,11,28,7,0,0,1F-3
1866,17406,ELE-PLS13 ,0,0,2,0,3,0,0,
1867,17407,IND-PLS13 ,0,0,5,0,6,0,0,
1868,17408,ELE-PLS13 ,1,2019,17,27,5,0,0,1F-3
1869,17409,CIV-PLS13 ,0,0,7,0,3,0,0,
1870,17410,MEC-PLS13 ,0,0,16,7,4,20,0,
1871,17411,CIV-PLS13 ,0,0,1,0,2,0,0,
1872,17412,MCT-PLS13 ,0,0,8,7,6,22,0,
1873,17413,CIV-PLS13 ,0,2019,13,23,4,0,0,1F-1
1874,17414,CIV-PLS13 ,1,2019,15,27,9,0,0,1F-3
1875,17415,ELE-PLS13 ,0,2019,10,28,4,0,0,1F-1
1876,17416,ELE-PLS13 ,0,0,12,17,2,26,0,
1877,17417,ELE-PLS13 ,0,2019,10,26,5,0,0,1F-1
1878,17418,CIV-PLS13 ,0,2019,16,16,7,24,0,
1879,17419,CIV-PLS13 ,0,2019,13,19,5,0,0,1F-1
1880,17420,CIV-PLS13 ,1,2019,17,28,8,0,0,1F-3
1881,17421,CIV-PLS13 ,1,2019,18,24,7,0,0,1F-3
1882,17422,ELE-PLS13 ,0,0,11,8,5,18,0,
1883,17423,ELE-PLS13 ,0,0,15,10,4,0,0,
1884,17424,CIV-PLS13 ,0,0,5,0,3,0,0,
1885,17425,CIV-PLS13 ,0,0,7,21,4,20,0,
1886,17426,CIV-PLS13 ,0,0,0,3,4,0,0,
1887,17427,IND-PLS13 ,0,2019,12,16,8,0,0,1F-1
1888,17428,CIV-PLS13 ,0,0,15,16,3,24,0,
1889,17429,ELE-PLS13 ,1,2019,11,22,10,0,0,1F-2
1890,17430,CIV-PLS13 ,0,0,5,0,1,0,0,
1891,17431,CIV-PLS13 ,0,2019,0,0,0,0,0,
1892,17432,CIV-PLS13 ,0,0,9,11,3,22,0,
1893,17433,CIV-PLS13 ,0,2019,12,20,3,0,0,1F-1
1894,17434,CIV-PLS13 ,0,0,0,0,2,0,0,
1895,17435,CIV-PLS13 ,1,2019,22,26,8,0,0,1F-5
1896,17436,CIV-PLS13 ,0,2019,9,22,5,0,0,1F-1
